id,name,category,price,stock
1,electronics-1,electronics,167.24,312
2,clothing-2,clothing,204.85,421
3,books-3,books,297.43,438
4,home-4,home,455.82,8
5,toys-5,toys,109.51,180
6,food-6,food,353.72,362
7,electronics-7,electronics,309.01,437
8,clothing-8,clothing,271.44,274
9,books-9,books,172.98,119
10,home-10,home,477.96,4
11,toys-11,toys,244.83,247
12,food-12,food,235.91,31
13,electronics-13,electronics,471.91,100
14,clothing-14,clothing,212.25,44
15,books-15,books,162.90,475
16,home-16,home,307.02,325
17,toys-17,toys,260.79,127
18,food-18,food,216.19,253
19,electronics-19,electronics,133.73,271
20,clothing-20,clothing,426.10,37
21,books-21,books,398.52,72
22,home-22,home,297.99,117
23,toys-23,toys,213.20,465
24,food-24,food,65.55,442
25,electronics-25,electronics,444.74,364
26,clothing-26,clothing,152.48,486
27,books-27,books,71.07,289
28,home-28,home,53.97,195
29,toys-29,toys,71.77,178
30,food-30,food,377.36,46
31,electronics-31,electronics,309.19,419
32,clothing-32,clothing,66.70,137
33,books-33,books,310.59,152
34,home-34,home,393.39,335
35,toys-35,toys,416.73,252
36,food-36,food,438.72,332
37,electronics-37,electronics,355.16,408
38,clothing-38,clothing,84.71,312
39,books-39,books,64.78,317
40,home-40,home,11.64,376
41,toys-41,toys,108.89,215
42,food-42,food,140.17,161
43,electronics-43,electronics,65.02,188
44,clothing-44,clothing,484.14,407
45,books-45,books,464.70,420
46,home-46,home,496.50,385
47,toys-47,toys,108.57,329
48,food-48,food,41.64,215
49,electronics-49,electronics,71.99,419
50,clothing-50,clothing,342.84,104
51,books-51,books,438.10,428
52,home-52,home,233.37,481
53,toys-53,toys,357.32,475
54,food-54,food,462.34,160
55,electronics-55,electronics,203.07,154
56,clothing-56,clothing,415.83,279
57,books-57,books,203.54,452
58,home-58,home,264.04,474
59,toys-59,toys,273.88,71
60,food-60,food,46.51,371
61,electronics-61,electronics,162.57,334
62,clothing-62,clothing,301.89,251
63,books-63,books,289.03,409
64,home-64,home,438.66,321
65,toys-65,toys,224.64,219
66,food-66,food,79.26,234
67,electronics-67,electronics,310.87,335
68,clothing-68,clothing,12.84,275
69,books-69,books,76.37,169
70,home-70,home,441.46,68
71,toys-71,toys,321.90,41
72,food-72,food,22.79,257
73,electronics-73,electronics,242.03,206
74,clothing-74,clothing,170.27,427
75,books-75,books,5.55,472
76,home-76,home,459.29,200
77,toys-77,toys,276.92,216
78,food-78,food,256.64,378
79,electronics-79,electronics,473.08,190
80,clothing-80,clothing,478.06,292
81,books-81,books,86.69,155
82,home-82,home,435.58,268
83,toys-83,toys,343.55,306
84,food-84,food,145.78,8
85,electronics-85,electronics,75.40,455
86,clothing-86,clothing,139.94,390
87,books-87,books,301.22,111
88,home-88,home,17.16,417
89,toys-89,toys,84.67,180
90,food-90,food,23.56,430
91,electronics-91,electronics,411.53,220
92,clothing-92,clothing,115.12,267
93,books-93,books,372.28,303
94,home-94,home,422.86,192
95,toys-95,toys,430.59,346
96,food-96,food,317.05,285
97,electronics-97,electronics,212.89,451
98,clothing-98,clothing,6.55,200
99,books-99,books,125.77,500
100,home-100,home,264.93,432
101,toys-101,toys,86.28,76
102,food-102,food,376.18,197
103,electronics-103,electronics,425.21,274
104,clothing-104,clothing,441.20,259
105,books-105,books,487.27,181
106,home-106,home,34.97,91
107,toys-107,toys,395.47,229
108,food-108,food,368.10,270
109,electronics-109,electronics,496.88,366
110,clothing-110,clothing,496.39,361
111,books-111,books,41.08,381
112,home-112,home,451.64,44
113,toys-113,toys,412.35,247
114,food-114,food,440.78,233
115,electronics-115,electronics,174.46,13
116,clothing-116,clothing,212.09,449
117,books-117,books,86.66,468
118,home-118,home,332.06,135
119,toys-119,toys,75.38,419
120,food-120,food,484.17,114
121,electronics-121,electronics,106.99,30
122,clothing-122,clothing,236.17,375
123,books-123,books,422.39,414
124,home-124,home,37.65,139
125,toys-125,toys,154.42,403
126,food-126,food,304.52,249
127,electronics-127,electronics,89.01,203
128,clothing-128,clothing,251.63,459
129,books-129,books,366.87,193
130,home-130,home,58.70,202
131,toys-131,toys,475.61,340
132,food-132,food,151.22,322
133,electronics-133,electronics,490.66,157
134,clothing-134,clothing,499.81,290
135,books-135,books,68.88,496
136,home-136,home,449.11,132
137,toys-137,toys,295.60,417
138,food-138,food,103.77,436
139,electronics-139,electronics,38.42,56
140,clothing-140,clothing,244.95,205
141,books-141,books,325.29,339
142,home-142,home,141.62,47
143,toys-143,toys,340.63,94
144,food-144,food,66.27,110
145,electronics-145,electronics,397.89,273
146,clothing-146,clothing,68.81,325
147,books-147,books,278.91,288
148,home-148,home,138.16,352
149,toys-149,toys,210.52,354
150,food-150,food,479.28,470
151,electronics-151,electronics,483.30,150
152,clothing-152,clothing,367.19,195
153,books-153,books,150.46,141
154,home-154,home,462.68,72
155,toys-155,toys,353.34,207
156,food-156,food,20.86,131
157,electronics-157,electronics,258.21,266
158,clothing-158,clothing,234.57,134
159,books-159,books,286.39,86
160,home-160,home,192.24,443
161,toys-161,toys,106.50,500
162,food-162,food,225.07,43
163,electronics-163,electronics,114.91,101
164,clothing-164,clothing,292.89,262
165,books-165,books,314.33,446
166,home-166,home,148.02,204
167,toys-167,toys,359.39,201
168,food-168,food,306.97,89
169,electronics-169,electronics,254.20,134
170,clothing-170,clothing,15.05,143
171,books-171,books,134.49,338
172,home-172,home,103.78,129
173,toys-173,toys,210.38,173
174,food-174,food,354.42,286
175,electronics-175,electronics,96.80,455
176,clothing-176,clothing,421.32,5
177,books-177,books,367.05,436
178,home-178,home,370.51,27
179,toys-179,toys,404.40,488
180,food-180,food,446.11,152
181,electronics-181,electronics,44.07,196
182,clothing-182,clothing,456.31,321
183,books-183,books,159.62,319
184,home-184,home,444.49,212
185,toys-185,toys,215.68,183
186,food-186,food,45.76,177
187,electronics-187,electronics,260.44,110
188,clothing-188,clothing,479.89,148
189,books-189,books,277.76,148
190,home-190,home,206.70,64
191,toys-191,toys,91.69,253
192,food-192,food,55.63,211
193,electronics-193,electronics,53.40,32
194,clothing-194,clothing,428.23,233
195,books-195,books,359.99,123
196,home-196,home,155.01,363
197,toys-197,toys,372.59,157
198,food-198,food,46.92,286
199,electronics-199,electronics,485.33,420
200,clothing-200,clothing,445.47,6
201,books-201,books,60.99,292
202,home-202,home,334.74,321
203,toys-203,toys,271.68,341
204,food-204,food,435.06,43
205,electronics-205,electronics,12.40,166
206,clothing-206,clothing,448.71,474
207,books-207,books,498.65,336
208,home-208,home,49.95,169
209,toys-209,toys,292.09,111
210,food-210,food,79.86,112
211,electronics-211,electronics,135.57,288
212,clothing-212,clothing,222.88,317
213,books-213,books,186.15,446
214,home-214,home,420.96,369
215,toys-215,toys,314.23,335
216,food-216,food,267.58,147
217,electronics-217,electronics,367.72,149
218,clothing-218,clothing,474.28,321
219,books-219,books,482.38,474
220,home-220,home,409.84,485
221,toys-221,toys,358.02,38
222,food-222,food,67.38,456
223,electronics-223,electronics,55.33,229
224,clothing-224,clothing,41.58,364
225,books-225,books,327.67,452
226,home-226,home,321.81,132
227,toys-227,toys,482.71,196
228,food-228,food,352.61,305
229,electronics-229,electronics,48.56,331
230,clothing-230,clothing,76.58,186
231,books-231,books,487.47,415
232,home-232,home,106.81,27
233,toys-233,toys,130.54,487
234,food-234,food,273.43,37
235,electronics-235,electronics,379.71,359
236,clothing-236,clothing,383.37,187
237,books-237,books,252.96,402
238,home-238,home,67.14,165
239,toys-239,toys,151.58,277
240,food-240,food,347.83,113
241,electronics-241,electronics,322.32,341
242,clothing-242,clothing,367.77,153
243,books-243,books,156.89,330
244,home-244,home,294.73,174
245,toys-245,toys,282.50,283
246,food-246,food,268.45,125
247,electronics-247,electronics,232.17,20
248,clothing-248,clothing,52.57,240
249,books-249,books,297.13,14
250,home-250,home,387.12,148
251,toys-251,toys,311.23,222
252,food-252,food,366.85,268
253,electronics-253,electronics,19.88,142
254,clothing-254,clothing,158.48,372
255,books-255,books,302.99,392
256,home-256,home,242.87,364
257,toys-257,toys,355.56,228
258,food-258,food,140.62,116
259,electronics-259,electronics,460.81,69
260,clothing-260,clothing,32.72,108
261,books-261,books,13.05,460
262,home-262,home,111.53,261
263,toys-263,toys,310.85,5
264,food-264,food,247.06,170
265,electronics-265,electronics,180.82,467
266,clothing-266,clothing,303.14,352
267,books-267,books,405.69,221
268,home-268,home,402.11,351
269,toys-269,toys,86.41,336
270,food-270,food,301.92,156
271,electronics-271,electronics,400.57,242
272,clothing-272,clothing,61.71,44
273,books-273,books,497.41,412
274,home-274,home,161.73,445
275,toys-275,toys,16.37,77
276,food-276,food,428.94,123
277,electronics-277,electronics,305.41,89
278,clothing-278,clothing,453.87,448
279,books-279,books,220.49,106
280,home-280,home,386.04,384
281,toys-281,toys,453.20,130
282,food-282,food,93.66,183
283,electronics-283,electronics,274.28,394
284,clothing-284,clothing,115.81,274
285,books-285,books,334.71,172
286,home-286,home,82.87,293
287,toys-287,toys,70.70,357
288,food-288,food,168.27,347
289,electronics-289,electronics,139.16,127
290,clothing-290,clothing,493.09,100
291,books-291,books,420.42,185
292,home-292,home,444.61,415
293,toys-293,toys,36.54,456
294,food-294,food,34.43,321
295,electronics-295,electronics,104.11,490
296,clothing-296,clothing,447.02,450
297,books-297,books,471.97,287
298,home-298,home,156.52,15
299,toys-299,toys,401.63,303
300,food-300,food,321.23,125
301,electronics-301,electronics,481.91,286
302,clothing-302,clothing,65.00,263
303,books-303,books,495.98,64
304,home-304,home,186.97,323
305,toys-305,toys,370.37,368
306,food-306,food,472.22,216
307,electronics-307,electronics,38.79,409
308,clothing-308,clothing,438.97,244
309,books-309,books,469.29,261
310,home-310,home,394.11,55
311,toys-311,toys,268.03,163
312,food-312,food,326.85,113
313,electronics-313,electronics,73.18,464
314,clothing-314,clothing,187.88,145
315,books-315,books,465.80,309
316,home-316,home,331.64,350
317,toys-317,toys,43.83,192
318,food-318,food,159.90,265
319,electronics-319,electronics,305.83,301
320,clothing-320,clothing,424.30,306
321,books-321,books,477.55,44
322,home-322,home,249.41,80
323,toys-323,toys,71.14,82
324,food-324,food,304.13,308
325,electronics-325,electronics,45.70,206
326,clothing-326,clothing,421.21,438
327,books-327,books,14.99,285
328,home-328,home,134.27,358
329,toys-329,toys,52.00,471
330,food-330,food,28.53,5
331,electronics-331,electronics,402.67,100
332,clothing-332,clothing,134.75,367
333,books-333,books,418.69,380
334,home-334,home,24.67,314
335,toys-335,toys,455.10,30
336,food-336,food,259.10,485
337,electronics-337,electronics,164.60,496
338,clothing-338,clothing,305.80,500
339,books-339,books,312.80,418
340,home-340,home,335.72,334
341,toys-341,toys,172.59,46
342,food-342,food,295.09,385
343,electronics-343,electronics,443.08,499
344,clothing-344,clothing,411.65,445
345,books-345,books,63.27,288
346,home-346,home,259.53,113
347,toys-347,toys,135.53,328
348,food-348,food,413.37,102
349,electronics-349,electronics,341.50,342
350,clothing-350,clothing,59.32,407
351,books-351,books,348.43,313
352,home-352,home,6.30,265
353,toys-353,toys,52.79,461
354,food-354,food,468.53,464
355,electronics-355,electronics,386.60,299
356,clothing-356,clothing,477.23,352
357,books-357,books,303.69,156
358,home-358,home,284.95,266
359,toys-359,toys,285.13,2
360,food-360,food,105.55,239
361,electronics-361,electronics,416.56,334
362,clothing-362,clothing,238.58,86
363,books-363,books,296.86,430
364,home-364,home,294.59,262
365,toys-365,toys,303.64,351
366,food-366,food,60.42,408
367,electronics-367,electronics,223.04,130
368,clothing-368,clothing,29.21,389
369,books-369,books,465.37,415
370,home-370,home,396.64,391
371,toys-371,toys,331.83,492
372,food-372,food,493.08,107
373,electronics-373,electronics,135.39,171
374,clothing-374,clothing,140.38,155
375,books-375,books,413.34,185
376,home-376,home,39.99,391
377,toys-377,toys,236.21,46
378,food-378,food,145.62,148
379,electronics-379,electronics,22.79,26
380,clothing-380,clothing,387.07,1
381,books-381,books,109.35,304
382,home-382,home,470.54,475
383,toys-383,toys,170.16,447
384,food-384,food,108.21,29
385,electronics-385,electronics,21.45,219
386,clothing-386,clothing,62.03,146
387,books-387,books,383.62,61
388,home-388,home,152.31,457
389,toys-389,toys,71.91,372
390,food-390,food,69.84,310
391,electronics-391,electronics,13.74,274
392,clothing-392,clothing,368.66,133
393,books-393,books,167.92,470
394,home-394,home,380.83,133
395,toys-395,toys,54.32,44
396,food-396,food,259.17,72
397,electronics-397,electronics,283.26,281
398,clothing-398,clothing,127.01,261
399,books-399,books,200.78,301
400,home-400,home,81.41,169
401,toys-401,toys,337.18,103
402,food-402,food,146.03,184
403,electronics-403,electronics,452.88,108
404,clothing-404,clothing,263.45,236
405,books-405,books,466.43,18
406,home-406,home,236.62,193
407,toys-407,toys,439.30,423
408,food-408,food,401.47,183
409,electronics-409,electronics,407.04,277
410,clothing-410,clothing,363.81,213
411,books-411,books,351.31,179
412,home-412,home,78.98,295
413,toys-413,toys,164.69,130
414,food-414,food,248.05,16
415,electronics-415,electronics,173.35,345
416,clothing-416,clothing,235.92,208
417,books-417,books,495.08,466
418,home-418,home,109.42,283
419,toys-419,toys,91.31,5
420,food-420,food,62.69,448
421,electronics-421,electronics,65.27,498
422,clothing-422,clothing,41.09,189
423,books-423,books,496.56,85
424,home-424,home,424.13,9
425,toys-425,toys,363.16,451
426,food-426,food,261.56,59
427,electronics-427,electronics,105.62,446
428,clothing-428,clothing,300.96,124
429,books-429,books,29.23,228
430,home-430,home,287.92,414
431,toys-431,toys,287.19,44
432,food-432,food,480.18,131
433,electronics-433,electronics,29.05,293
434,clothing-434,clothing,206.70,332
435,books-435,books,120.74,214
436,home-436,home,36.21,224
437,toys-437,toys,5.45,39
438,food-438,food,84.30,497
439,electronics-439,electronics,269.37,438
440,clothing-440,clothing,456.51,420
441,books-441,books,90.29,301
442,home-442,home,421.90,115
443,toys-443,toys,389.43,373
444,food-444,food,456.35,381
445,electronics-445,electronics,112.52,349
446,clothing-446,clothing,397.96,409
447,books-447,books,125.61,491
448,home-448,home,133.25,266
449,toys-449,toys,21.97,160
450,food-450,food,73.33,460
451,electronics-451,electronics,306.23,296
452,clothing-452,clothing,266.12,251
453,books-453,books,453.36,212
454,home-454,home,244.46,181
455,toys-455,toys,141.21,387
456,food-456,food,32.45,450
457,electronics-457,electronics,96.67,322
458,clothing-458,clothing,28.92,484
459,books-459,books,225.01,102
460,home-460,home,115.34,106
461,toys-461,toys,402.67,172
462,food-462,food,487.13,320
463,electronics-463,electronics,494.48,275
464,clothing-464,clothing,135.96,369
465,books-465,books,134.65,23
466,home-466,home,146.33,20
467,toys-467,toys,110.24,173
468,food-468,food,457.39,50
469,electronics-469,electronics,286.44,36
470,clothing-470,clothing,387.45,365
471,books-471,books,474.85,251
472,home-472,home,264.33,165
473,toys-473,toys,357.30,26
474,food-474,food,324.67,457
475,electronics-475,electronics,378.05,186
476,clothing-476,clothing,24.81,414
477,books-477,books,180.23,252
478,home-478,home,168.54,478
479,toys-479,toys,35.74,78
480,food-480,food,323.39,315
481,electronics-481,electronics,321.22,17
482,clothing-482,clothing,415.69,216
483,books-483,books,446.62,481
484,home-484,home,103.63,95
485,toys-485,toys,134.10,90
486,food-486,food,170.61,292
487,electronics-487,electronics,223.91,171
488,clothing-488,clothing,304.97,133
489,books-489,books,173.06,422
490,home-490,home,115.34,235
491,toys-491,toys,265.85,150
492,food-492,food,326.24,156
493,electronics-493,electronics,269.91,115
494,clothing-494,clothing,344.18,38
495,books-495,books,324.76,194
496,home-496,home,391.27,324
497,toys-497,toys,254.58,142
498,food-498,food,215.44,56
499,electronics-499,electronics,27.48,482
500,clothing-500,clothing,382.71,35
501,books-501,books,180.53,126
502,home-502,home,415.32,429
503,toys-503,toys,434.07,156
504,food-504,food,59.36,187
505,electronics-505,electronics,205.69,422
506,clothing-506,clothing,362.08,220
507,books-507,books,480.98,274
508,home-508,home,260.16,314
509,toys-509,toys,87.88,84
510,food-510,food,296.31,400
511,electronics-511,electronics,128.63,372
512,clothing-512,clothing,36.20,469
513,books-513,books,115.60,25
514,home-514,home,96.78,265
515,toys-515,toys,419.19,426
516,food-516,food,106.59,44
517,electronics-517,electronics,459.51,253
518,clothing-518,clothing,243.44,21
519,books-519,books,409.67,342
520,home-520,home,270.34,492
521,toys-521,toys,486.21,53
522,food-522,food,404.28,364
523,electronics-523,electronics,251.76,199
524,clothing-524,clothing,287.63,115
525,books-525,books,28.70,49
526,home-526,home,144.11,269
527,toys-527,toys,433.68,318
528,food-528,food,313.36,311
529,electronics-529,electronics,393.62,277
530,clothing-530,clothing,26.40,447
531,books-531,books,136.41,395
532,home-532,home,397.73,308
533,toys-533,toys,66.42,74
534,food-534,food,403.12,321
535,electronics-535,electronics,285.08,127
536,clothing-536,clothing,145.51,400
537,books-537,books,152.79,200
538,home-538,home,367.52,492
539,toys-539,toys,339.19,173
540,food-540,food,341.66,369
541,electronics-541,electronics,191.62,65
542,clothing-542,clothing,405.68,398
543,books-543,books,321.24,227
544,home-544,home,439.92,128
545,toys-545,toys,316.95,351
546,food-546,food,258.88,217
547,electronics-547,electronics,214.25,497
548,clothing-548,clothing,485.48,459
549,books-549,books,76.60,432
550,home-550,home,410.79,35
551,toys-551,toys,199.29,213
552,food-552,food,295.76,498
553,electronics-553,electronics,137.32,411
554,clothing-554,clothing,425.52,158
555,books-555,books,283.54,449
556,home-556,home,76.17,453
557,toys-557,toys,143.87,115
558,food-558,food,291.87,364
559,electronics-559,electronics,267.72,167
560,clothing-560,clothing,311.24,14
561,books-561,books,377.29,18
562,home-562,home,439.59,64
563,toys-563,toys,496.28,165
564,food-564,food,171.93,42
565,electronics-565,electronics,155.75,215
566,clothing-566,clothing,44.47,382
567,books-567,books,410.23,441
568,home-568,home,293.14,380
569,toys-569,toys,334.74,21
570,food-570,food,147.48,163
571,electronics-571,electronics,345.34,263
572,clothing-572,clothing,365.73,311
573,books-573,books,208.22,465
574,home-574,home,24.62,206
575,toys-575,toys,442.20,135
576,food-576,food,200.61,4
577,electronics-577,electronics,464.10,245
578,clothing-578,clothing,392.23,115
579,books-579,books,427.15,391
580,home-580,home,496.53,172
581,toys-581,toys,376.01,262
582,food-582,food,19.86,421
583,electronics-583,electronics,221.05,53
584,clothing-584,clothing,410.78,385
585,books-585,books,423.33,464
586,home-586,home,194.66,446
587,toys-587,toys,91.40,93
588,food-588,food,395.01,86
589,electronics-589,electronics,63.90,22
590,clothing-590,clothing,156.83,295
591,books-591,books,385.14,385
592,home-592,home,134.09,315
593,toys-593,toys,200.94,44
594,food-594,food,269.30,186
595,electronics-595,electronics,338.74,10
596,clothing-596,clothing,482.44,42
597,books-597,books,439.52,26
598,home-598,home,183.20,5
599,toys-599,toys,487.40,129
600,food-600,food,97.73,408
601,electronics-601,electronics,117.75,315
602,clothing-602,clothing,106.37,353
603,books-603,books,196.30,80
604,home-604,home,350.35,48
605,toys-605,toys,175.28,404
606,food-606,food,260.51,490
607,electronics-607,electronics,63.44,237
608,clothing-608,clothing,82.06,315
609,books-609,books,362.66,42
610,home-610,home,136.41,140
611,toys-611,toys,75.25,456
612,food-612,food,187.79,290
613,electronics-613,electronics,153.10,348
614,clothing-614,clothing,209.94,298
615,books-615,books,275.26,155
616,home-616,home,50.89,195
617,toys-617,toys,59.84,239
618,food-618,food,326.92,104
619,electronics-619,electronics,180.01,215
620,clothing-620,clothing,234.36,223
621,books-621,books,339.81,160
622,home-622,home,87.72,1
623,toys-623,toys,472.90,433
624,food-624,food,278.48,38
625,electronics-625,electronics,471.04,406
626,clothing-626,clothing,30.70,178
627,books-627,books,231.20,271
628,home-628,home,282.76,206
629,toys-629,toys,25.24,487
630,food-630,food,72.57,302
631,electronics-631,electronics,376.61,185
632,clothing-632,clothing,15.53,463
633,books-633,books,263.15,212
634,home-634,home,162.49,387
635,toys-635,toys,433.33,133
636,food-636,food,492.48,330
637,electronics-637,electronics,367.48,205
638,clothing-638,clothing,233.01,277
639,books-639,books,261.13,1
640,home-640,home,286.46,200
641,toys-641,toys,63.65,257
642,food-642,food,497.28,251
643,electronics-643,electronics,163.34,189
644,clothing-644,clothing,486.95,427
645,books-645,books,203.11,54
646,home-646,home,471.65,162
647,toys-647,toys,297.61,255
648,food-648,food,224.73,483
649,electronics-649,electronics,47.34,360
650,clothing-650,clothing,71.10,126
651,books-651,books,184.54,217
652,home-652,home,486.29,365
653,toys-653,toys,499.74,464
654,food-654,food,457.06,144
655,electronics-655,electronics,243.41,202
656,clothing-656,clothing,209.00,434
657,books-657,books,118.29,298
658,home-658,home,128.08,322
659,toys-659,toys,190.02,497
660,food-660,food,467.12,446
661,electronics-661,electronics,328.45,249
662,clothing-662,clothing,49.03,4
663,books-663,books,461.90,51
664,home-664,home,445.97,194
665,toys-665,toys,139.67,486
666,food-666,food,301.23,334
667,electronics-667,electronics,373.87,246
668,clothing-668,clothing,46.50,390
669,books-669,books,388.88,320
670,home-670,home,320.66,416
671,toys-671,toys,49.84,203
672,food-672,food,490.23,43
673,electronics-673,electronics,478.43,441
674,clothing-674,clothing,270.95,146
675,books-675,books,221.37,337
676,home-676,home,63.26,158
677,toys-677,toys,88.48,5
678,food-678,food,419.67,383
679,electronics-679,electronics,460.43,192
680,clothing-680,clothing,265.20,6
681,books-681,books,102.48,443
682,home-682,home,232.80,397
683,toys-683,toys,26.67,77
684,food-684,food,450.54,327
685,electronics-685,electronics,455.43,142
686,clothing-686,clothing,304.34,250
687,books-687,books,104.25,171
688,home-688,home,278.31,250
689,toys-689,toys,471.40,480
690,food-690,food,246.59,23
691,electronics-691,electronics,106.27,26
692,clothing-692,clothing,145.17,296
693,books-693,books,308.28,406
694,home-694,home,485.97,189
695,toys-695,toys,238.28,192
696,food-696,food,302.88,135
697,electronics-697,electronics,404.57,484
698,clothing-698,clothing,101.85,450
699,books-699,books,186.84,351
700,home-700,home,13.17,483
701,toys-701,toys,112.75,21
702,food-702,food,91.21,443
703,electronics-703,electronics,299.65,246
704,clothing-704,clothing,326.79,127
705,books-705,books,328.55,103
706,home-706,home,341.86,328
707,toys-707,toys,452.08,484
708,food-708,food,107.21,110
709,electronics-709,electronics,65.91,345
710,clothing-710,clothing,430.51,291
711,books-711,books,329.56,317
712,home-712,home,78.81,395
713,toys-713,toys,327.17,433
714,food-714,food,193.33,310
715,electronics-715,electronics,280.76,495
716,clothing-716,clothing,327.10,75
717,books-717,books,307.17,347
718,home-718,home,28.09,329
719,toys-719,toys,416.77,402
720,food-720,food,254.51,8
721,electronics-721,electronics,393.14,86
722,clothing-722,clothing,144.37,195
723,books-723,books,467.41,353
724,home-724,home,413.41,100
725,toys-725,toys,85.53,487
726,food-726,food,375.89,117
727,electronics-727,electronics,141.22,134
728,clothing-728,clothing,12.14,163
729,books-729,books,26.02,493
730,home-730,home,111.97,289
731,toys-731,toys,183.50,313
732,food-732,food,57.32,130
733,electronics-733,electronics,108.22,409
734,clothing-734,clothing,15.51,207
735,books-735,books,258.17,258
736,home-736,home,355.99,199
737,toys-737,toys,129.93,255
738,food-738,food,420.05,176
739,electronics-739,electronics,143.79,433
740,clothing-740,clothing,312.23,334
741,books-741,books,121.55,285
742,home-742,home,147.19,141
743,toys-743,toys,290.34,5
744,food-744,food,277.68,290
745,electronics-745,electronics,284.26,405
746,clothing-746,clothing,492.19,384
747,books-747,books,187.98,217
748,home-748,home,170.60,217
749,toys-749,toys,450.02,250
750,food-750,food,499.87,12
751,electronics-751,electronics,485.38,347
752,clothing-752,clothing,319.35,105
753,books-753,books,276.86,500
754,home-754,home,246.86,76
755,toys-755,toys,457.94,134
756,food-756,food,33.78,492
757,electronics-757,electronics,295.84,443
758,clothing-758,clothing,429.07,281
759,books-759,books,268.51,187
760,home-760,home,163.67,332
761,toys-761,toys,22.54,108
762,food-762,food,466.79,486
763,electronics-763,electronics,93.85,204
764,clothing-764,clothing,335.69,29
765,books-765,books,390.48,274
766,home-766,home,153.38,460
767,toys-767,toys,10.29,260
768,food-768,food,470.92,104
769,electronics-769,electronics,384.01,164
770,clothing-770,clothing,143.59,324
771,books-771,books,396.48,83
772,home-772,home,293.97,63
773,toys-773,toys,405.59,155
774,food-774,food,52.80,73
775,electronics-775,electronics,73.25,208
776,clothing-776,clothing,232.12,279
777,books-777,books,309.37,288
778,home-778,home,223.21,486
779,toys-779,toys,292.14,385
780,food-780,food,105.94,426
781,electronics-781,electronics,148.34,24
782,clothing-782,clothing,210.51,8
783,books-783,books,142.10,142
784,home-784,home,112.92,499
785,toys-785,toys,309.19,434
786,food-786,food,416.38,269
787,electronics-787,electronics,149.04,116
788,clothing-788,clothing,323.51,162
789,books-789,books,39.73,378
790,home-790,home,79.84,382
791,toys-791,toys,35.51,439
792,food-792,food,386.28,270
793,electronics-793,electronics,282.56,229
794,clothing-794,clothing,270.46,348
795,books-795,books,18.27,234
796,home-796,home,176.83,383
797,toys-797,toys,250.00,452
798,food-798,food,187.62,386
799,electronics-799,electronics,252.15,106
800,clothing-800,clothing,91.98,268
801,books-801,books,11.06,289
802,home-802,home,184.69,11
803,toys-803,toys,29.78,395
804,food-804,food,381.63,326
805,electronics-805,electronics,240.85,298
806,clothing-806,clothing,76.79,96
807,books-807,books,287.24,348
808,home-808,home,261.41,69
809,toys-809,toys,98.65,354
810,food-810,food,164.01,179
811,electronics-811,electronics,27.14,357
812,clothing-812,clothing,97.68,103
813,books-813,books,352.63,392
814,home-814,home,78.13,408
815,toys-815,toys,170.85,54
816,food-816,food,372.34,37
817,electronics-817,electronics,151.94,471
818,clothing-818,clothing,311.91,114
819,books-819,books,109.53,456
820,home-820,home,90.96,402
821,toys-821,toys,212.34,85
822,food-822,food,309.19,317
823,electronics-823,electronics,318.24,451
824,clothing-824,clothing,236.84,140
825,books-825,books,107.05,67
826,home-826,home,372.63,265
827,toys-827,toys,269.38,183
828,food-828,food,366.22,290
829,electronics-829,electronics,453.36,19
830,clothing-830,clothing,232.18,220
831,books-831,books,104.26,175
832,home-832,home,288.33,93
833,toys-833,toys,110.13,332
834,food-834,food,459.26,239
835,electronics-835,electronics,408.67,307
836,clothing-836,clothing,86.78,391
837,books-837,books,283.78,77
838,home-838,home,377.56,386
839,toys-839,toys,206.45,232
840,food-840,food,393.08,312
841,electronics-841,electronics,205.26,87
842,clothing-842,clothing,225.76,400
843,books-843,books,378.66,409
844,home-844,home,323.13,429
845,toys-845,toys,408.70,151
846,food-846,food,346.67,213
847,electronics-847,electronics,231.34,238
848,clothing-848,clothing,270.22,48
849,books-849,books,16.47,5
850,home-850,home,190.77,466
851,toys-851,toys,128.22,166
852,food-852,food,43.60,101
853,electronics-853,electronics,366.45,71
854,clothing-854,clothing,218.65,11
855,books-855,books,170.21,350
856,home-856,home,67.39,496
857,toys-857,toys,38.04,400
858,food-858,food,37.71,248
859,electronics-859,electronics,71.93,22
860,clothing-860,clothing,483.06,324
861,books-861,books,131.01,97
862,home-862,home,449.25,306
863,toys-863,toys,411.13,76
864,food-864,food,413.35,62
865,electronics-865,electronics,377.68,440
866,clothing-866,clothing,262.38,291
867,books-867,books,337.67,248
868,home-868,home,306.61,254
869,toys-869,toys,210.11,395
870,food-870,food,140.55,168
871,electronics-871,electronics,90.96,167
872,clothing-872,clothing,203.64,432
873,books-873,books,273.26,283
874,home-874,home,426.39,250
875,toys-875,toys,387.29,159
876,food-876,food,137.64,476
877,electronics-877,electronics,372.54,423
878,clothing-878,clothing,470.09,83
879,books-879,books,463.59,457
880,home-880,home,95.77,124
881,toys-881,toys,420.77,147
882,food-882,food,297.85,67
883,electronics-883,electronics,458.15,345
884,clothing-884,clothing,287.70,27
885,books-885,books,438.82,232
886,home-886,home,250.02,373
887,toys-887,toys,192.65,245
888,food-888,food,209.60,427
889,electronics-889,electronics,400.69,415
890,clothing-890,clothing,112.53,388
891,books-891,books,33.42,35
892,home-892,home,225.79,33
893,toys-893,toys,370.95,463
894,food-894,food,441.73,57
895,electronics-895,electronics,409.34,309
896,clothing-896,clothing,155.63,42
897,books-897,books,425.07,213
898,home-898,home,143.82,22
899,toys-899,toys,119.89,448
900,food-900,food,260.28,273
901,electronics-901,electronics,207.87,70
902,clothing-902,clothing,115.08,384
903,books-903,books,178.59,74
904,home-904,home,33.79,25
905,toys-905,toys,15.69,120
906,food-906,food,492.61,424
907,electronics-907,electronics,335.20,411
908,clothing-908,clothing,345.51,273
909,books-909,books,85.38,334
910,home-910,home,88.88,107
911,toys-911,toys,110.80,320
912,food-912,food,286.06,282
913,electronics-913,electronics,360.50,42
914,clothing-914,clothing,78.87,68
915,books-915,books,465.42,256
916,home-916,home,64.81,462
917,toys-917,toys,460.60,128
918,food-918,food,70.96,25
919,electronics-919,electronics,239.58,178
920,clothing-920,clothing,15.41,350
921,books-921,books,208.92,202
922,home-922,home,245.01,432
923,toys-923,toys,315.65,8
924,food-924,food,379.33,349
925,electronics-925,electronics,283.95,250
926,clothing-926,clothing,149.49,195
927,books-927,books,161.59,284
928,home-928,home,12.56,94
929,toys-929,toys,267.54,92
930,food-930,food,422.48,446
931,electronics-931,electronics,28.56,433
932,clothing-932,clothing,348.76,450
933,books-933,books,302.12,22
934,home-934,home,105.27,393
935,toys-935,toys,175.02,233
936,food-936,food,77.46,372
937,electronics-937,electronics,207.20,423
938,clothing-938,clothing,39.66,32
939,books-939,books,280.34,422
940,home-940,home,58.44,321
941,toys-941,toys,451.47,149
942,food-942,food,98.17,16
943,electronics-943,electronics,234.60,415
944,clothing-944,clothing,344.15,254
945,books-945,books,337.80,493
946,home-946,home,68.02,417
947,toys-947,toys,72.00,146
948,food-948,food,107.96,313
949,electronics-949,electronics,297.29,3
950,clothing-950,clothing,96.26,339
951,books-951,books,151.14,120
952,home-952,home,321.98,363
953,toys-953,toys,349.09,427
954,food-954,food,224.55,78
955,electronics-955,electronics,422.42,73
956,clothing-956,clothing,348.84,430
957,books-957,books,89.94,352
958,home-958,home,367.29,461
959,toys-959,toys,449.61,280
960,food-960,food,485.78,162
961,electronics-961,electronics,304.71,205
962,clothing-962,clothing,446.67,281
963,books-963,books,341.87,210
964,home-964,home,424.72,42
965,toys-965,toys,457.56,205
966,food-966,food,252.96,3
967,electronics-967,electronics,391.78,440
968,clothing-968,clothing,290.02,317
969,books-969,books,489.51,8
970,home-970,home,86.31,400
971,toys-971,toys,252.88,389
972,food-972,food,475.17,226
973,electronics-973,electronics,78.06,290
974,clothing-974,clothing,254.27,479
975,books-975,books,331.29,374
976,home-976,home,399.99,277
977,toys-977,toys,395.16,174
978,food-978,food,96.16,458
979,electronics-979,electronics,307.96,299
980,clothing-980,clothing,53.74,374
981,books-981,books,167.00,393
982,home-982,home,260.69,334
983,toys-983,toys,36.29,18
984,food-984,food,494.16,463
985,electronics-985,electronics,386.42,28
986,clothing-986,clothing,204.09,56
987,books-987,books,55.03,448
988,home-988,home,149.05,451
989,toys-989,toys,134.77,281
990,food-990,food,405.38,399
991,electronics-991,electronics,322.78,469
992,clothing-992,clothing,408.68,246
993,books-993,books,385.87,369
994,home-994,home,372.66,208
995,toys-995,toys,438.93,391
996,food-996,food,76.89,252
997,electronics-997,electronics,108.01,287
998,clothing-998,clothing,123.45,454
999,books-999,books,223.29,163
1000,home-1000,home,298.10,9
1001,toys-1001,toys,309.44,446
1002,food-1002,food,109.27,28
1003,electronics-1003,electronics,382.71,339
1004,clothing-1004,clothing,40.35,388
1005,books-1005,books,284.88,253
1006,home-1006,home,246.68,207
1007,toys-1007,toys,48.99,115
1008,food-1008,food,298.19,187
1009,electronics-1009,electronics,113.02,491
1010,clothing-1010,clothing,7.37,117
1011,books-1011,books,282.13,29
1012,home-1012,home,164.64,278
1013,toys-1013,toys,200.64,438
1014,food-1014,food,402.63,71
1015,electronics-1015,electronics,284.90,258
1016,clothing-1016,clothing,380.76,242
1017,books-1017,books,304.55,163
1018,home-1018,home,194.47,23
1019,toys-1019,toys,38.11,452
1020,food-1020,food,16.92,147
1021,electronics-1021,electronics,364.21,261
1022,clothing-1022,clothing,445.97,285
1023,books-1023,books,308.53,226
1024,home-1024,home,139.36,114
1025,toys-1025,toys,471.65,498
1026,food-1026,food,338.79,89
1027,electronics-1027,electronics,48.20,106
1028,clothing-1028,clothing,23.32,452
1029,books-1029,books,458.97,193
1030,home-1030,home,75.34,120
1031,toys-1031,toys,354.58,322
1032,food-1032,food,205.37,378
1033,electronics-1033,electronics,232.29,11
1034,clothing-1034,clothing,66.54,51
1035,books-1035,books,75.96,414
1036,home-1036,home,290.92,11
1037,toys-1037,toys,180.13,89
1038,food-1038,food,30.91,404
1039,electronics-1039,electronics,296.40,322
1040,clothing-1040,clothing,374.99,342
1041,books-1041,books,316.26,51
1042,home-1042,home,36.83,31
1043,toys-1043,toys,289.04,324
1044,food-1044,food,145.19,130
1045,electronics-1045,electronics,92.79,8
1046,clothing-1046,clothing,227.77,200
1047,books-1047,books,146.21,5
1048,home-1048,home,327.45,158
1049,toys-1049,toys,261.92,266
1050,food-1050,food,464.87,181
1051,electronics-1051,electronics,349.94,487
1052,clothing-1052,clothing,408.32,144
1053,books-1053,books,488.21,124
1054,home-1054,home,32.47,215
1055,toys-1055,toys,340.69,450
1056,food-1056,food,345.37,385
1057,electronics-1057,electronics,93.93,69
1058,clothing-1058,clothing,187.47,251
1059,books-1059,books,56.70,396
1060,home-1060,home,10.03,407
1061,toys-1061,toys,76.01,282
1062,food-1062,food,442.98,247
1063,electronics-1063,electronics,325.75,170
1064,clothing-1064,clothing,119.77,17
1065,books-1065,books,293.40,39
1066,home-1066,home,71.73,291
1067,toys-1067,toys,27.94,129
1068,food-1068,food,214.68,221
1069,electronics-1069,electronics,195.82,243
1070,clothing-1070,clothing,69.46,143
1071,books-1071,books,364.82,247
1072,home-1072,home,246.77,182
1073,toys-1073,toys,270.26,214
1074,food-1074,food,463.94,353
1075,electronics-1075,electronics,165.14,16
1076,clothing-1076,clothing,93.78,8
1077,books-1077,books,449.75,129
1078,home-1078,home,113.27,311
1079,toys-1079,toys,385.54,261
1080,food-1080,food,463.80,50
1081,electronics-1081,electronics,439.71,253
1082,clothing-1082,clothing,493.16,233
1083,books-1083,books,140.56,229
1084,home-1084,home,110.31,46
1085,toys-1085,toys,496.96,473
1086,food-1086,food,325.37,22
1087,electronics-1087,electronics,495.74,240
1088,clothing-1088,clothing,423.81,284
1089,books-1089,books,232.45,347
1090,home-1090,home,298.92,80
1091,toys-1091,toys,418.50,73
1092,food-1092,food,387.51,116
1093,electronics-1093,electronics,320.44,93
1094,clothing-1094,clothing,375.99,117
1095,books-1095,books,121.63,420
1096,home-1096,home,55.04,277
1097,toys-1097,toys,7.04,145
1098,food-1098,food,409.46,83
1099,electronics-1099,electronics,223.87,139
1100,clothing-1100,clothing,477.46,163
1101,books-1101,books,499.52,451
1102,home-1102,home,146.11,382
1103,toys-1103,toys,92.90,75
1104,food-1104,food,456.82,2
1105,electronics-1105,electronics,379.71,51
1106,clothing-1106,clothing,7.29,228
1107,books-1107,books,193.00,247
1108,home-1108,home,426.42,365
1109,toys-1109,toys,43.33,233
1110,food-1110,food,260.40,331
1111,electronics-1111,electronics,113.26,94
1112,clothing-1112,clothing,125.05,171
1113,books-1113,books,13.74,412
1114,home-1114,home,149.48,286
1115,toys-1115,toys,159.04,69
1116,food-1116,food,449.53,458
1117,electronics-1117,electronics,478.80,311
1118,clothing-1118,clothing,408.99,252
1119,books-1119,books,179.07,464
1120,home-1120,home,156.31,78
1121,toys-1121,toys,431.93,334
1122,food-1122,food,212.25,283
1123,electronics-1123,electronics,190.97,299
1124,clothing-1124,clothing,255.82,124
1125,books-1125,books,325.26,236
1126,home-1126,home,191.81,140
1127,toys-1127,toys,396.22,434
1128,food-1128,food,384.07,129
1129,electronics-1129,electronics,32.63,123
1130,clothing-1130,clothing,172.27,430
1131,books-1131,books,245.09,316
1132,home-1132,home,350.63,284
1133,toys-1133,toys,257.11,304
1134,food-1134,food,263.00,202
1135,electronics-1135,electronics,191.95,210
1136,clothing-1136,clothing,367.65,347
1137,books-1137,books,51.55,295
1138,home-1138,home,384.56,455
1139,toys-1139,toys,273.62,37
1140,food-1140,food,53.41,197
1141,electronics-1141,electronics,362.25,229
1142,clothing-1142,clothing,400.45,12
1143,books-1143,books,269.98,475
1144,home-1144,home,170.40,408
1145,toys-1145,toys,89.85,75
1146,food-1146,food,292.52,59
1147,electronics-1147,electronics,444.83,454
1148,clothing-1148,clothing,116.19,166
1149,books-1149,books,214.39,471
1150,home-1150,home,31.59,270
1151,toys-1151,toys,245.75,441
1152,food-1152,food,480.76,133
1153,electronics-1153,electronics,247.46,84
1154,clothing-1154,clothing,336.45,229
1155,books-1155,books,152.32,165
1156,home-1156,home,52.30,69
1157,toys-1157,toys,124.28,181
1158,food-1158,food,57.08,95
1159,electronics-1159,electronics,57.00,41
1160,clothing-1160,clothing,89.06,164
1161,books-1161,books,64.20,491
1162,home-1162,home,308.81,286
1163,toys-1163,toys,331.06,165
1164,food-1164,food,298.23,120
1165,electronics-1165,electronics,292.17,192
1166,clothing-1166,clothing,351.93,69
1167,books-1167,books,232.50,453
1168,home-1168,home,419.45,92
1169,toys-1169,toys,98.17,22
1170,food-1170,food,267.89,485
1171,electronics-1171,electronics,391.03,234
1172,clothing-1172,clothing,374.25,274
1173,books-1173,books,296.16,396
1174,home-1174,home,378.12,369
1175,toys-1175,toys,302.63,62
1176,food-1176,food,249.24,444
1177,electronics-1177,electronics,176.62,385
1178,clothing-1178,clothing,315.28,213
1179,books-1179,books,458.59,71
1180,home-1180,home,240.81,175
1181,toys-1181,toys,359.64,245
1182,food-1182,food,413.83,14
1183,electronics-1183,electronics,247.41,234
1184,clothing-1184,clothing,167.07,295
1185,books-1185,books,261.76,62
1186,home-1186,home,257.75,308
1187,toys-1187,toys,444.26,116
1188,food-1188,food,213.55,405
1189,electronics-1189,electronics,351.55,316
1190,clothing-1190,clothing,281.02,162
1191,books-1191,books,319.45,394
1192,home-1192,home,184.73,439
1193,toys-1193,toys,183.19,216
1194,food-1194,food,336.66,224
1195,electronics-1195,electronics,197.96,424
1196,clothing-1196,clothing,39.36,66
1197,books-1197,books,106.55,414
1198,home-1198,home,441.67,3
1199,toys-1199,toys,234.92,284
1200,food-1200,food,267.46,259
1201,electronics-1201,electronics,59.83,117
1202,clothing-1202,clothing,77.80,207
1203,books-1203,books,136.54,158
1204,home-1204,home,265.88,366
1205,toys-1205,toys,91.89,473
1206,food-1206,food,370.58,311
1207,electronics-1207,electronics,427.86,232
1208,clothing-1208,clothing,352.53,301
1209,books-1209,books,375.08,392
1210,home-1210,home,422.45,162
1211,toys-1211,toys,419.92,210
1212,food-1212,food,481.53,312
1213,electronics-1213,electronics,43.89,103
1214,clothing-1214,clothing,285.09,243
1215,books-1215,books,466.79,396
1216,home-1216,home,235.96,107
1217,toys-1217,toys,44.61,356
1218,food-1218,food,27.30,448
1219,electronics-1219,electronics,292.40,340
1220,clothing-1220,clothing,13.76,37
1221,books-1221,books,45.37,260
1222,home-1222,home,69.80,206
1223,toys-1223,toys,9.51,196
1224,food-1224,food,7.37,440
1225,electronics-1225,electronics,226.80,330
1226,clothing-1226,clothing,79.72,367
1227,books-1227,books,379.75,117
1228,home-1228,home,182.95,50
1229,toys-1229,toys,305.35,488
1230,food-1230,food,19.68,171
1231,electronics-1231,electronics,140.61,154
1232,clothing-1232,clothing,463.38,18
1233,books-1233,books,66.50,47
1234,home-1234,home,372.74,377
1235,toys-1235,toys,111.80,146
1236,food-1236,food,127.92,481
1237,electronics-1237,electronics,244.33,413
1238,clothing-1238,clothing,30.59,477
1239,books-1239,books,262.34,323
1240,home-1240,home,269.85,303
1241,toys-1241,toys,61.42,94
1242,food-1242,food,300.64,188
1243,electronics-1243,electronics,197.50,432
1244,clothing-1244,clothing,89.78,402
1245,books-1245,books,149.96,419
1246,home-1246,home,448.75,219
1247,toys-1247,toys,390.77,88
1248,food-1248,food,307.40,385
1249,electronics-1249,electronics,352.52,291
1250,clothing-1250,clothing,361.14,7
1251,books-1251,books,368.41,228
1252,home-1252,home,468.87,320
1253,toys-1253,toys,428.42,310
1254,food-1254,food,488.99,283
1255,electronics-1255,electronics,79.13,303
1256,clothing-1256,clothing,186.76,265
1257,books-1257,books,358.35,218
1258,home-1258,home,135.08,130
1259,toys-1259,toys,295.59,39
1260,food-1260,food,178.56,200
1261,electronics-1261,electronics,298.44,418
1262,clothing-1262,clothing,387.21,329
1263,books-1263,books,34.59,379
1264,home-1264,home,353.16,175
1265,toys-1265,toys,371.37,131
1266,food-1266,food,186.61,499
1267,electronics-1267,electronics,89.46,489
1268,clothing-1268,clothing,454.80,107
1269,books-1269,books,42.73,160
1270,home-1270,home,319.50,108
1271,toys-1271,toys,92.43,113
1272,food-1272,food,69.90,443
1273,electronics-1273,electronics,161.91,354
1274,clothing-1274,clothing,493.91,75
1275,books-1275,books,97.29,143
1276,home-1276,home,98.25,479
1277,toys-1277,toys,230.64,292
1278,food-1278,food,390.57,222
1279,electronics-1279,electronics,388.56,478
1280,clothing-1280,clothing,266.20,90
1281,books-1281,books,271.30,457
1282,home-1282,home,13.23,8
1283,toys-1283,toys,442.64,78
1284,food-1284,food,328.26,352
1285,electronics-1285,electronics,90.38,60
1286,clothing-1286,clothing,399.19,136
1287,books-1287,books,384.04,346
1288,home-1288,home,250.43,198
1289,toys-1289,toys,155.04,280
1290,food-1290,food,205.68,301
1291,electronics-1291,electronics,109.16,344
1292,clothing-1292,clothing,469.86,39
1293,books-1293,books,303.14,323
1294,home-1294,home,375.60,38
1295,toys-1295,toys,46.42,226
1296,food-1296,food,261.61,207
1297,electronics-1297,electronics,22.90,154
1298,clothing-1298,clothing,274.28,100
1299,books-1299,books,87.42,118
1300,home-1300,home,299.76,219
1301,toys-1301,toys,295.15,319
1302,food-1302,food,480.60,434
1303,electronics-1303,electronics,98.17,419
1304,clothing-1304,clothing,53.29,442
1305,books-1305,books,103.61,434
1306,home-1306,home,97.81,303
1307,toys-1307,toys,492.93,73
1308,food-1308,food,423.52,399
1309,electronics-1309,electronics,215.13,127
1310,clothing-1310,clothing,191.71,163
1311,books-1311,books,282.16,275
1312,home-1312,home,116.09,11
1313,toys-1313,toys,420.20,183
1314,food-1314,food,98.09,63
1315,electronics-1315,electronics,334.08,487
1316,clothing-1316,clothing,34.07,397
1317,books-1317,books,22.62,342
1318,home-1318,home,317.51,172
1319,toys-1319,toys,90.51,243
1320,food-1320,food,372.37,36
1321,electronics-1321,electronics,291.49,327
1322,clothing-1322,clothing,202.33,273
1323,books-1323,books,489.48,72
1324,home-1324,home,495.50,109
1325,toys-1325,toys,100.07,199
1326,food-1326,food,258.22,462
1327,electronics-1327,electronics,386.36,455
1328,clothing-1328,clothing,169.02,166
1329,books-1329,books,296.94,15
1330,home-1330,home,84.95,321
1331,toys-1331,toys,230.06,262
1332,food-1332,food,318.69,397
1333,electronics-1333,electronics,265.12,382
1334,clothing-1334,clothing,497.03,267
1335,books-1335,books,496.11,432
1336,home-1336,home,425.12,26
1337,toys-1337,toys,230.16,452
1338,food-1338,food,71.67,238
1339,electronics-1339,electronics,44.21,439
1340,clothing-1340,clothing,495.58,299
1341,books-1341,books,298.53,156
1342,home-1342,home,381.99,171
1343,toys-1343,toys,295.23,205
1344,food-1344,food,60.99,117
1345,electronics-1345,electronics,486.92,443
1346,clothing-1346,clothing,374.61,124
1347,books-1347,books,310.64,292
1348,home-1348,home,375.83,247
1349,toys-1349,toys,306.41,149
1350,food-1350,food,274.41,314
1351,electronics-1351,electronics,285.04,64
1352,clothing-1352,clothing,199.77,472
1353,books-1353,books,316.93,112
1354,home-1354,home,117.35,145
1355,toys-1355,toys,418.40,303
1356,food-1356,food,253.50,204
1357,electronics-1357,electronics,285.48,105
1358,clothing-1358,clothing,212.32,488
1359,books-1359,books,371.83,214
1360,home-1360,home,260.99,379
1361,toys-1361,toys,277.56,193
1362,food-1362,food,427.26,261
1363,electronics-1363,electronics,440.23,192
1364,clothing-1364,clothing,141.02,212
1365,books-1365,books,213.07,54
1366,home-1366,home,103.99,116
1367,toys-1367,toys,407.11,109
1368,food-1368,food,419.17,120
1369,electronics-1369,electronics,99.88,43
1370,clothing-1370,clothing,62.02,334
1371,books-1371,books,379.76,75
1372,home-1372,home,30.90,475
1373,toys-1373,toys,277.26,186
1374,food-1374,food,119.78,153
1375,electronics-1375,electronics,247.33,61
1376,clothing-1376,clothing,415.48,31
1377,books-1377,books,316.81,197
1378,home-1378,home,426.03,423
1379,toys-1379,toys,191.85,76
1380,food-1380,food,145.01,303
1381,electronics-1381,electronics,47.03,27
1382,clothing-1382,clothing,39.91,486
1383,books-1383,books,392.27,143
1384,home-1384,home,355.01,323
1385,toys-1385,toys,185.85,244
1386,food-1386,food,153.99,174
1387,electronics-1387,electronics,242.03,339
1388,clothing-1388,clothing,305.56,273
1389,books-1389,books,324.12,240
1390,home-1390,home,326.29,140
1391,toys-1391,toys,274.52,69
1392,food-1392,food,62.47,260
1393,electronics-1393,electronics,218.74,339
1394,clothing-1394,clothing,385.39,21
1395,books-1395,books,66.19,388
1396,home-1396,home,386.67,481
1397,toys-1397,toys,195.03,298
1398,food-1398,food,364.33,42
1399,electronics-1399,electronics,423.21,446
1400,clothing-1400,clothing,36.46,203
1401,books-1401,books,314.62,65
1402,home-1402,home,111.30,399
1403,toys-1403,toys,321.34,451
1404,food-1404,food,440.28,167
1405,electronics-1405,electronics,451.29,395
1406,clothing-1406,clothing,455.16,110
1407,books-1407,books,369.82,100
1408,home-1408,home,158.27,358
1409,toys-1409,toys,191.56,16
1410,food-1410,food,64.05,378
1411,electronics-1411,electronics,347.42,111
1412,clothing-1412,clothing,181.96,7
1413,books-1413,books,98.09,66
1414,home-1414,home,149.78,381
1415,toys-1415,toys,130.22,221
1416,food-1416,food,206.68,256
1417,electronics-1417,electronics,404.15,391
1418,clothing-1418,clothing,492.80,182
1419,books-1419,books,161.79,264
1420,home-1420,home,421.33,301
1421,toys-1421,toys,302.75,163
1422,food-1422,food,229.35,19
1423,electronics-1423,electronics,130.02,316
1424,clothing-1424,clothing,191.26,338
1425,books-1425,books,384.58,97
1426,home-1426,home,88.47,478
1427,toys-1427,toys,94.40,86
1428,food-1428,food,397.43,423
1429,electronics-1429,electronics,13.06,245
1430,clothing-1430,clothing,209.91,66
1431,books-1431,books,157.62,281
1432,home-1432,home,175.59,482
1433,toys-1433,toys,125.86,113
1434,food-1434,food,132.60,173
1435,electronics-1435,electronics,82.21,400
1436,clothing-1436,clothing,285.94,0
1437,books-1437,books,439.84,217
1438,home-1438,home,248.60,197
1439,toys-1439,toys,124.89,101
1440,food-1440,food,217.75,9
1441,electronics-1441,electronics,222.22,314
1442,clothing-1442,clothing,353.39,141
1443,books-1443,books,495.93,349
1444,home-1444,home,5.57,0
1445,toys-1445,toys,369.30,175
1446,food-1446,food,71.34,269
1447,electronics-1447,electronics,24.29,109
1448,clothing-1448,clothing,451.67,465
1449,books-1449,books,233.25,413
1450,home-1450,home,164.37,362
1451,toys-1451,toys,428.69,162
1452,food-1452,food,255.11,440
1453,electronics-1453,electronics,461.74,310
1454,clothing-1454,clothing,454.47,485
1455,books-1455,books,419.33,426
1456,home-1456,home,197.78,286
1457,toys-1457,toys,75.43,38
1458,food-1458,food,229.77,66
1459,electronics-1459,electronics,64.29,438
1460,clothing-1460,clothing,12.13,225
1461,books-1461,books,169.74,199
1462,home-1462,home,120.15,277
1463,toys-1463,toys,233.02,364
1464,food-1464,food,158.98,237
1465,electronics-1465,electronics,165.01,219
1466,clothing-1466,clothing,200.39,176
1467,books-1467,books,454.56,287
1468,home-1468,home,406.08,373
1469,toys-1469,toys,403.74,56
1470,food-1470,food,398.72,45
1471,electronics-1471,electronics,450.63,316
1472,clothing-1472,clothing,45.24,89
1473,books-1473,books,392.77,60
1474,home-1474,home,418.20,42
1475,toys-1475,toys,374.47,371
1476,food-1476,food,29.46,401
1477,electronics-1477,electronics,341.13,227
1478,clothing-1478,clothing,163.59,477
1479,books-1479,books,250.07,212
1480,home-1480,home,176.50,245
1481,toys-1481,toys,414.33,338
1482,food-1482,food,155.14,497
1483,electronics-1483,electronics,58.11,298
1484,clothing-1484,clothing,20.52,372
1485,books-1485,books,60.02,215
1486,home-1486,home,11.97,372
1487,toys-1487,toys,145.13,331
1488,food-1488,food,291.59,283
1489,electronics-1489,electronics,108.28,312
1490,clothing-1490,clothing,236.85,276
1491,books-1491,books,119.91,466
1492,home-1492,home,304.75,201
1493,toys-1493,toys,126.43,41
1494,food-1494,food,72.73,181
1495,electronics-1495,electronics,235.52,110
1496,clothing-1496,clothing,183.76,365
1497,books-1497,books,444.21,457
1498,home-1498,home,18.29,11
1499,toys-1499,toys,412.69,79
1500,food-1500,food,8.75,266
1501,electronics-1501,electronics,40.71,374
1502,clothing-1502,clothing,132.26,25
1503,books-1503,books,22.44,402
1504,home-1504,home,267.55,255
1505,toys-1505,toys,202.83,427
1506,food-1506,food,222.65,127
1507,electronics-1507,electronics,162.15,398
1508,clothing-1508,clothing,113.30,243
1509,books-1509,books,238.35,11
1510,home-1510,home,50.35,171
1511,toys-1511,toys,120.03,208
1512,food-1512,food,254.43,452
1513,electronics-1513,electronics,315.37,132
1514,clothing-1514,clothing,401.40,494
1515,books-1515,books,91.88,32
1516,home-1516,home,463.54,425
1517,toys-1517,toys,404.01,13
1518,food-1518,food,248.39,115
1519,electronics-1519,electronics,260.37,314
1520,clothing-1520,clothing,213.88,54
1521,books-1521,books,124.12,203
1522,home-1522,home,109.02,180
1523,toys-1523,toys,27.02,12
1524,food-1524,food,143.74,140
1525,electronics-1525,electronics,286.77,288
1526,clothing-1526,clothing,377.83,244
1527,books-1527,books,35.85,310
1528,home-1528,home,104.26,70
1529,toys-1529,toys,68.48,69
1530,food-1530,food,394.07,472
1531,electronics-1531,electronics,287.28,248
1532,clothing-1532,clothing,236.60,498
1533,books-1533,books,194.27,410
1534,home-1534,home,6.64,436
1535,toys-1535,toys,320.39,342
1536,food-1536,food,73.72,490
1537,electronics-1537,electronics,230.60,329
1538,clothing-1538,clothing,256.62,174
1539,books-1539,books,405.04,230
1540,home-1540,home,450.71,180
1541,toys-1541,toys,456.96,182
1542,food-1542,food,81.74,158
1543,electronics-1543,electronics,391.89,393
1544,clothing-1544,clothing,112.79,268
1545,books-1545,books,392.79,31
1546,home-1546,home,147.44,372
1547,toys-1547,toys,257.26,373
1548,food-1548,food,334.45,450
1549,electronics-1549,electronics,59.54,124
1550,clothing-1550,clothing,322.86,31
1551,books-1551,books,16.09,74
1552,home-1552,home,120.78,89
1553,toys-1553,toys,463.76,250
1554,food-1554,food,225.98,250
1555,electronics-1555,electronics,419.55,224
1556,clothing-1556,clothing,208.37,349
1557,books-1557,books,73.73,73
1558,home-1558,home,468.85,49
1559,toys-1559,toys,95.87,425
1560,food-1560,food,303.20,312
1561,electronics-1561,electronics,204.45,237
1562,clothing-1562,clothing,325.93,276
1563,books-1563,books,357.47,441
1564,home-1564,home,49.23,220
1565,toys-1565,toys,75.31,253
1566,food-1566,food,375.53,454
1567,electronics-1567,electronics,244.85,116
1568,clothing-1568,clothing,373.32,257
1569,books-1569,books,450.16,154
1570,home-1570,home,359.39,466
1571,toys-1571,toys,379.68,357
1572,food-1572,food,132.52,260
1573,electronics-1573,electronics,130.08,135
1574,clothing-1574,clothing,225.23,418
1575,books-1575,books,101.46,227
1576,home-1576,home,55.55,323
1577,toys-1577,toys,67.82,238
1578,food-1578,food,222.79,348
1579,electronics-1579,electronics,225.13,0
1580,clothing-1580,clothing,213.91,309
1581,books-1581,books,311.65,169
1582,home-1582,home,488.36,345
1583,toys-1583,toys,487.79,251
1584,food-1584,food,73.36,164
1585,electronics-1585,electronics,89.04,63
1586,clothing-1586,clothing,178.62,400
1587,books-1587,books,192.71,264
1588,home-1588,home,311.83,404
1589,toys-1589,toys,405.50,363
1590,food-1590,food,9.80,169
1591,electronics-1591,electronics,99.45,257
1592,clothing-1592,clothing,256.41,417
1593,books-1593,books,492.16,397
1594,home-1594,home,99.62,439
1595,toys-1595,toys,443.13,126
1596,food-1596,food,408.22,54
1597,electronics-1597,electronics,430.40,57
1598,clothing-1598,clothing,109.34,458
1599,books-1599,books,302.37,154
1600,home-1600,home,380.17,49
1601,toys-1601,toys,376.49,24
1602,food-1602,food,428.89,196
1603,electronics-1603,electronics,441.17,491
1604,clothing-1604,clothing,205.25,163
1605,books-1605,books,313.17,273
1606,home-1606,home,182.89,196
1607,toys-1607,toys,454.54,272
1608,food-1608,food,81.84,14
1609,electronics-1609,electronics,401.44,273
1610,clothing-1610,clothing,19.39,11
1611,books-1611,books,95.34,370
1612,home-1612,home,419.25,488
1613,toys-1613,toys,420.08,379
1614,food-1614,food,153.71,414
1615,electronics-1615,electronics,61.68,381
1616,clothing-1616,clothing,361.42,390
1617,books-1617,books,488.50,146
1618,home-1618,home,332.94,156
1619,toys-1619,toys,427.66,285
1620,food-1620,food,10.96,194
1621,electronics-1621,electronics,150.26,29
1622,clothing-1622,clothing,202.29,342
1623,books-1623,books,221.72,206
1624,home-1624,home,60.06,411
1625,toys-1625,toys,460.08,138
1626,food-1626,food,300.71,457
1627,electronics-1627,electronics,343.85,175
1628,clothing-1628,clothing,469.05,371
1629,books-1629,books,158.79,154
1630,home-1630,home,315.21,336
1631,toys-1631,toys,475.35,261
1632,food-1632,food,238.98,388
1633,electronics-1633,electronics,74.44,32
1634,clothing-1634,clothing,28.08,162
1635,books-1635,books,77.87,199
1636,home-1636,home,384.26,392
1637,toys-1637,toys,100.04,351
1638,food-1638,food,126.22,245
1639,electronics-1639,electronics,280.23,381
1640,clothing-1640,clothing,351.35,393
1641,books-1641,books,41.47,15
1642,home-1642,home,352.06,112
1643,toys-1643,toys,55.53,225
1644,food-1644,food,323.70,353
1645,electronics-1645,electronics,139.46,235
1646,clothing-1646,clothing,193.16,107
1647,books-1647,books,93.39,377
1648,home-1648,home,67.95,414
1649,toys-1649,toys,236.28,422
1650,food-1650,food,33.36,98
1651,electronics-1651,electronics,313.94,253
1652,clothing-1652,clothing,369.40,275
1653,books-1653,books,252.46,326
1654,home-1654,home,46.32,224
1655,toys-1655,toys,9.08,272
1656,food-1656,food,418.58,378
1657,electronics-1657,electronics,252.19,93
1658,clothing-1658,clothing,220.90,363
1659,books-1659,books,150.27,113
1660,home-1660,home,12.74,413
1661,toys-1661,toys,5.62,358
1662,food-1662,food,351.95,456
1663,electronics-1663,electronics,377.30,430
1664,clothing-1664,clothing,84.80,51
1665,books-1665,books,312.86,331
1666,home-1666,home,341.10,124
1667,toys-1667,toys,200.57,195
1668,food-1668,food,186.24,456
1669,electronics-1669,electronics,46.45,74
1670,clothing-1670,clothing,488.99,202
1671,books-1671,books,51.70,140
1672,home-1672,home,378.46,384
1673,toys-1673,toys,211.62,378
1674,food-1674,food,378.16,167
1675,electronics-1675,electronics,248.22,182
1676,clothing-1676,clothing,256.29,469
1677,books-1677,books,233.47,40
1678,home-1678,home,57.67,288
1679,toys-1679,toys,148.77,47
1680,food-1680,food,296.71,302
1681,electronics-1681,electronics,355.29,18
1682,clothing-1682,clothing,8.90,350
1683,books-1683,books,31.78,309
1684,home-1684,home,403.16,254
1685,toys-1685,toys,358.00,94
1686,food-1686,food,41.38,28
1687,electronics-1687,electronics,265.01,221
1688,clothing-1688,clothing,317.61,184
1689,books-1689,books,450.50,488
1690,home-1690,home,297.36,379
1691,toys-1691,toys,469.74,89
1692,food-1692,food,235.56,455
1693,electronics-1693,electronics,157.74,203
1694,clothing-1694,clothing,381.56,267
1695,books-1695,books,247.89,54
1696,home-1696,home,300.97,174
1697,toys-1697,toys,121.39,208
1698,food-1698,food,302.40,69
1699,electronics-1699,electronics,137.95,378
1700,clothing-1700,clothing,409.55,89
1701,books-1701,books,100.13,59
1702,home-1702,home,87.22,130
1703,toys-1703,toys,447.50,84
1704,food-1704,food,116.71,327
1705,electronics-1705,electronics,173.15,498
1706,clothing-1706,clothing,474.82,68
1707,books-1707,books,134.15,167
1708,home-1708,home,439.56,27
1709,toys-1709,toys,46.46,494
1710,food-1710,food,412.23,147
1711,electronics-1711,electronics,343.62,355
1712,clothing-1712,clothing,276.66,86
1713,books-1713,books,477.71,396
1714,home-1714,home,73.07,416
1715,toys-1715,toys,65.76,356
1716,food-1716,food,165.04,86
1717,electronics-1717,electronics,454.71,144
1718,clothing-1718,clothing,34.01,485
1719,books-1719,books,371.05,400
1720,home-1720,home,163.35,499
1721,toys-1721,toys,41.71,236
1722,food-1722,food,185.51,343
1723,electronics-1723,electronics,16.67,371
1724,clothing-1724,clothing,312.80,300
1725,books-1725,books,391.07,7
1726,home-1726,home,347.91,248
1727,toys-1727,toys,28.00,72
1728,food-1728,food,328.87,246
1729,electronics-1729,electronics,80.51,157
1730,clothing-1730,clothing,87.14,243
1731,books-1731,books,70.63,331
1732,home-1732,home,136.22,85
1733,toys-1733,toys,342.84,491
1734,food-1734,food,472.56,95
1735,electronics-1735,electronics,396.20,424
1736,clothing-1736,clothing,237.85,405
1737,books-1737,books,271.81,212
1738,home-1738,home,469.98,447
1739,toys-1739,toys,278.09,333
1740,food-1740,food,50.46,459
1741,electronics-1741,electronics,149.09,279
1742,clothing-1742,clothing,69.44,293
1743,books-1743,books,139.40,15
1744,home-1744,home,431.57,122
1745,toys-1745,toys,451.84,448
1746,food-1746,food,429.07,466
1747,electronics-1747,electronics,310.62,214
1748,clothing-1748,clothing,241.61,368
1749,books-1749,books,151.04,444
1750,home-1750,home,281.77,217
1751,toys-1751,toys,332.71,370
1752,food-1752,food,264.88,499
1753,electronics-1753,electronics,292.92,130
1754,clothing-1754,clothing,454.33,477
1755,books-1755,books,206.51,2
1756,home-1756,home,35.41,71
1757,toys-1757,toys,24.37,270
1758,food-1758,food,403.26,149
1759,electronics-1759,electronics,333.71,182
1760,clothing-1760,clothing,119.41,273
1761,books-1761,books,242.32,414
1762,home-1762,home,46.69,215
1763,toys-1763,toys,444.71,303
1764,food-1764,food,414.86,254
1765,electronics-1765,electronics,391.35,486
1766,clothing-1766,clothing,304.95,118
1767,books-1767,books,132.76,163
1768,home-1768,home,181.70,288
1769,toys-1769,toys,184.94,17
1770,food-1770,food,269.90,68
1771,electronics-1771,electronics,414.87,304
1772,clothing-1772,clothing,342.62,491
1773,books-1773,books,21.19,314
1774,home-1774,home,294.26,273
1775,toys-1775,toys,477.42,286
1776,food-1776,food,434.44,168
1777,electronics-1777,electronics,194.47,268
1778,clothing-1778,clothing,73.52,242
1779,books-1779,books,161.72,118
1780,home-1780,home,334.66,334
1781,toys-1781,toys,131.09,361
1782,food-1782,food,360.89,168
1783,electronics-1783,electronics,244.92,165
1784,clothing-1784,clothing,157.93,341
1785,books-1785,books,194.70,113
1786,home-1786,home,383.25,121
1787,toys-1787,toys,448.49,187
1788,food-1788,food,365.68,244
1789,electronics-1789,electronics,396.87,118
1790,clothing-1790,clothing,205.56,348
1791,books-1791,books,311.34,387
1792,home-1792,home,252.98,74
1793,toys-1793,toys,441.88,216
1794,food-1794,food,409.86,308
1795,electronics-1795,electronics,343.69,157
1796,clothing-1796,clothing,227.32,228
1797,books-1797,books,17.92,351
1798,home-1798,home,43.98,403
1799,toys-1799,toys,237.53,166
1800,food-1800,food,492.06,264
1801,electronics-1801,electronics,351.54,200
1802,clothing-1802,clothing,437.37,320
1803,books-1803,books,473.51,471
1804,home-1804,home,69.25,340
1805,toys-1805,toys,286.77,475
1806,food-1806,food,361.96,59
1807,electronics-1807,electronics,487.71,432
1808,clothing-1808,clothing,63.67,362
1809,books-1809,books,433.46,18
1810,home-1810,home,235.77,155
1811,toys-1811,toys,230.60,270
1812,food-1812,food,70.67,307
1813,electronics-1813,electronics,277.35,154
1814,clothing-1814,clothing,364.48,374
1815,books-1815,books,340.37,191
1816,home-1816,home,299.54,206
1817,toys-1817,toys,263.54,383
1818,food-1818,food,316.75,249
1819,electronics-1819,electronics,446.78,148
1820,clothing-1820,clothing,416.38,173
1821,books-1821,books,392.11,302
1822,home-1822,home,252.75,422
1823,toys-1823,toys,270.83,314
1824,food-1824,food,126.25,55
1825,electronics-1825,electronics,452.69,69
1826,clothing-1826,clothing,403.06,293
1827,books-1827,books,428.03,200
1828,home-1828,home,32.84,101
1829,toys-1829,toys,203.50,441
1830,food-1830,food,77.38,417
1831,electronics-1831,electronics,81.22,214
1832,clothing-1832,clothing,11.51,191
1833,books-1833,books,404.24,154
1834,home-1834,home,118.01,159
1835,toys-1835,toys,383.73,38
1836,food-1836,food,243.16,450
1837,electronics-1837,electronics,444.49,149
1838,clothing-1838,clothing,101.10,362
1839,books-1839,books,216.46,115
1840,home-1840,home,487.55,232
1841,toys-1841,toys,450.57,267
1842,food-1842,food,152.76,222
1843,electronics-1843,electronics,486.66,224
1844,clothing-1844,clothing,183.61,43
1845,books-1845,books,491.49,478
1846,home-1846,home,121.20,330
1847,toys-1847,toys,258.71,288
1848,food-1848,food,267.77,66
1849,electronics-1849,electronics,452.93,112
1850,clothing-1850,clothing,13.73,190
1851,books-1851,books,19.53,150
1852,home-1852,home,400.77,488
1853,toys-1853,toys,218.49,369
1854,food-1854,food,399.44,201
1855,electronics-1855,electronics,435.55,381
1856,clothing-1856,clothing,96.49,221
1857,books-1857,books,20.58,156
1858,home-1858,home,361.56,344
1859,toys-1859,toys,461.42,325
1860,food-1860,food,251.11,341
1861,electronics-1861,electronics,79.66,283
1862,clothing-1862,clothing,103.61,257
1863,books-1863,books,176.17,215
1864,home-1864,home,366.85,375
1865,toys-1865,toys,96.46,445
1866,food-1866,food,30.40,232
1867,electronics-1867,electronics,209.32,259
1868,clothing-1868,clothing,403.90,272
1869,books-1869,books,21.59,463
1870,home-1870,home,276.77,292
1871,toys-1871,toys,268.20,467
1872,food-1872,food,478.19,98
1873,electronics-1873,electronics,424.59,69
1874,clothing-1874,clothing,454.93,182
1875,books-1875,books,350.12,298
1876,home-1876,home,454.52,214
1877,toys-1877,toys,371.54,425
1878,food-1878,food,442.57,58
1879,electronics-1879,electronics,212.76,241
1880,clothing-1880,clothing,237.57,227
1881,books-1881,books,45.95,385
1882,home-1882,home,275.68,439
1883,toys-1883,toys,267.73,271
1884,food-1884,food,97.48,382
1885,electronics-1885,electronics,281.50,52
1886,clothing-1886,clothing,404.44,396
1887,books-1887,books,122.71,72
1888,home-1888,home,244.19,359
1889,toys-1889,toys,315.95,176
1890,food-1890,food,433.66,241
1891,electronics-1891,electronics,186.57,4
1892,clothing-1892,clothing,14.95,82
1893,books-1893,books,134.69,234
1894,home-1894,home,304.19,166
1895,toys-1895,toys,278.69,65
1896,food-1896,food,195.45,406
1897,electronics-1897,electronics,19.49,497
1898,clothing-1898,clothing,292.02,8
1899,books-1899,books,170.25,434
1900,home-1900,home,328.90,221
1901,toys-1901,toys,421.69,270
1902,food-1902,food,60.54,475
1903,electronics-1903,electronics,346.03,4
1904,clothing-1904,clothing,386.78,418
1905,books-1905,books,488.45,324
1906,home-1906,home,68.88,406
1907,toys-1907,toys,287.30,411
1908,food-1908,food,262.87,474
1909,electronics-1909,electronics,27.77,18
1910,clothing-1910,clothing,412.16,172
1911,books-1911,books,159.50,493
1912,home-1912,home,447.65,141
1913,toys-1913,toys,26.39,251
1914,food-1914,food,455.39,40
1915,electronics-1915,electronics,57.76,373
1916,clothing-1916,clothing,266.68,162
1917,books-1917,books,272.50,380
1918,home-1918,home,84.98,412
1919,toys-1919,toys,448.50,112
1920,food-1920,food,35.38,410
1921,electronics-1921,electronics,119.52,71
1922,clothing-1922,clothing,14.16,462
1923,books-1923,books,68.45,442
1924,home-1924,home,175.93,306
1925,toys-1925,toys,433.03,337
1926,food-1926,food,408.18,436
1927,electronics-1927,electronics,231.53,69
1928,clothing-1928,clothing,219.58,417
1929,books-1929,books,79.79,328
1930,home-1930,home,339.59,0
1931,toys-1931,toys,30.45,35
1932,food-1932,food,468.76,357
1933,electronics-1933,electronics,40.47,347
1934,clothing-1934,clothing,34.68,115
1935,books-1935,books,465.84,33
1936,home-1936,home,6.68,134
1937,toys-1937,toys,278.41,337
1938,food-1938,food,398.70,206
1939,electronics-1939,electronics,382.93,34
1940,clothing-1940,clothing,438.36,115
1941,books-1941,books,284.96,19
1942,home-1942,home,227.34,452
1943,toys-1943,toys,165.59,447
1944,food-1944,food,342.46,280
1945,electronics-1945,electronics,374.14,265
1946,clothing-1946,clothing,304.16,241
1947,books-1947,books,5.13,461
1948,home-1948,home,238.19,33
1949,toys-1949,toys,204.78,261
1950,food-1950,food,90.52,31
1951,electronics-1951,electronics,368.19,484
1952,clothing-1952,clothing,64.98,7
1953,books-1953,books,207.80,165
1954,home-1954,home,104.76,363
1955,toys-1955,toys,140.56,54
1956,food-1956,food,249.96,107
1957,electronics-1957,electronics,136.92,46
1958,clothing-1958,clothing,355.19,270
1959,books-1959,books,469.20,489
1960,home-1960,home,244.35,148
1961,toys-1961,toys,383.48,188
1962,food-1962,food,94.87,345
1963,electronics-1963,electronics,436.63,301
1964,clothing-1964,clothing,95.89,238
1965,books-1965,books,327.63,290
1966,home-1966,home,437.82,378
1967,toys-1967,toys,314.66,147
1968,food-1968,food,186.49,466
1969,electronics-1969,electronics,224.17,55
1970,clothing-1970,clothing,499.01,110
1971,books-1971,books,334.13,273
1972,home-1972,home,432.11,338
1973,toys-1973,toys,141.04,469
1974,food-1974,food,464.18,42
1975,electronics-1975,electronics,255.91,8
1976,clothing-1976,clothing,362.79,364
1977,books-1977,books,312.34,363
1978,home-1978,home,465.19,407
1979,toys-1979,toys,152.64,467
1980,food-1980,food,334.11,248
1981,electronics-1981,electronics,425.74,275
1982,clothing-1982,clothing,97.14,258
1983,books-1983,books,191.47,318
1984,home-1984,home,40.92,460
1985,toys-1985,toys,488.14,364
1986,food-1986,food,206.72,122
1987,electronics-1987,electronics,144.81,78
1988,clothing-1988,clothing,68.67,371
1989,books-1989,books,194.12,444
1990,home-1990,home,14.54,212
1991,toys-1991,toys,253.43,493
1992,food-1992,food,267.36,63
1993,electronics-1993,electronics,323.88,322
1994,clothing-1994,clothing,463.14,499
1995,books-1995,books,249.60,468
1996,home-1996,home,270.45,373
1997,toys-1997,toys,51.34,484
1998,food-1998,food,265.80,23
1999,electronics-1999,electronics,55.80,71
2000,clothing-2000,clothing,18.60,62
2001,books-2001,books,348.83,165
2002,home-2002,home,424.88,284
2003,toys-2003,toys,64.34,104
2004,food-2004,food,396.16,180
2005,electronics-2005,electronics,442.26,93
2006,clothing-2006,clothing,277.37,103
2007,books-2007,books,110.00,182
2008,home-2008,home,439.16,272
2009,toys-2009,toys,52.48,99
2010,food-2010,food,322.41,350
2011,electronics-2011,electronics,478.42,167
2012,clothing-2012,clothing,81.42,21
2013,books-2013,books,419.07,16
2014,home-2014,home,429.94,269
2015,toys-2015,toys,136.26,111
2016,food-2016,food,43.13,12
2017,electronics-2017,electronics,482.65,361
2018,clothing-2018,clothing,80.55,190
2019,books-2019,books,332.24,255
2020,home-2020,home,297.70,78
2021,toys-2021,toys,349.08,412
2022,food-2022,food,41.15,304
2023,electronics-2023,electronics,312.21,363
2024,clothing-2024,clothing,195.83,1
2025,books-2025,books,345.38,45
2026,home-2026,home,237.66,229
2027,toys-2027,toys,401.00,457
2028,food-2028,food,121.05,189
2029,electronics-2029,electronics,343.68,323
2030,clothing-2030,clothing,299.26,309
2031,books-2031,books,158.63,399
2032,home-2032,home,120.94,196
2033,toys-2033,toys,443.58,62
2034,food-2034,food,252.66,43
2035,electronics-2035,electronics,221.08,188
2036,clothing-2036,clothing,296.65,375
2037,books-2037,books,207.40,111
2038,home-2038,home,449.07,241
2039,toys-2039,toys,465.26,99
2040,food-2040,food,263.73,140
2041,electronics-2041,electronics,210.68,212
2042,clothing-2042,clothing,490.67,215
2043,books-2043,books,331.50,238
2044,home-2044,home,376.37,79
2045,toys-2045,toys,46.64,148
2046,food-2046,food,379.43,478
2047,electronics-2047,electronics,329.61,468
2048,clothing-2048,clothing,400.00,271
2049,books-2049,books,374.92,121
2050,home-2050,home,123.47,150
2051,toys-2051,toys,254.26,467
2052,food-2052,food,114.61,96
2053,electronics-2053,electronics,18.84,323
2054,clothing-2054,clothing,449.80,317
2055,books-2055,books,62.53,204
2056,home-2056,home,423.57,226
2057,toys-2057,toys,377.40,268
2058,food-2058,food,220.00,307
2059,electronics-2059,electronics,148.62,302
2060,clothing-2060,clothing,215.96,406
2061,books-2061,books,278.47,357
2062,home-2062,home,363.31,202
2063,toys-2063,toys,396.20,343
2064,food-2064,food,353.29,228
2065,electronics-2065,electronics,279.98,130
2066,clothing-2066,clothing,453.91,249
2067,books-2067,books,224.18,230
2068,home-2068,home,482.07,220
2069,toys-2069,toys,426.76,118
2070,food-2070,food,252.84,372
2071,electronics-2071,electronics,195.62,394
2072,clothing-2072,clothing,145.95,57
2073,books-2073,books,315.73,255
2074,home-2074,home,351.37,72
2075,toys-2075,toys,271.25,489
2076,food-2076,food,254.36,236
2077,electronics-2077,electronics,273.46,198
2078,clothing-2078,clothing,64.34,96
2079,books-2079,books,307.01,328
2080,home-2080,home,446.29,189
2081,toys-2081,toys,80.23,82
2082,food-2082,food,179.50,131
2083,electronics-2083,electronics,207.32,403
2084,clothing-2084,clothing,345.13,28
2085,books-2085,books,392.37,428
2086,home-2086,home,286.76,45
2087,toys-2087,toys,424.30,340
2088,food-2088,food,158.15,96
2089,electronics-2089,electronics,132.34,280
2090,clothing-2090,clothing,461.83,197
2091,books-2091,books,451.31,126
2092,home-2092,home,361.26,319
2093,toys-2093,toys,205.13,271
2094,food-2094,food,146.22,165
2095,electronics-2095,electronics,471.62,32
2096,clothing-2096,clothing,19.77,224
2097,books-2097,books,437.91,463
2098,home-2098,home,327.69,463
2099,toys-2099,toys,365.56,122
2100,food-2100,food,429.30,174
2101,electronics-2101,electronics,200.03,142
2102,clothing-2102,clothing,142.68,61
2103,books-2103,books,262.87,227
2104,home-2104,home,166.04,139
2105,toys-2105,toys,115.62,480
2106,food-2106,food,303.72,8
2107,electronics-2107,electronics,319.52,7
2108,clothing-2108,clothing,237.98,4
2109,books-2109,books,498.77,359
2110,home-2110,home,255.07,31
2111,toys-2111,toys,89.95,57
2112,food-2112,food,121.94,337
2113,electronics-2113,electronics,186.92,171
2114,clothing-2114,clothing,236.93,141
2115,books-2115,books,90.33,163
2116,home-2116,home,489.30,401
2117,toys-2117,toys,236.32,46
2118,food-2118,food,90.09,389
2119,electronics-2119,electronics,388.16,308
2120,clothing-2120,clothing,446.54,132
2121,books-2121,books,351.30,332
2122,home-2122,home,315.57,232
2123,toys-2123,toys,257.82,63
2124,food-2124,food,252.40,229
2125,electronics-2125,electronics,473.33,200
2126,clothing-2126,clothing,430.20,281
2127,books-2127,books,128.58,445
2128,home-2128,home,409.36,401
2129,toys-2129,toys,495.18,227
2130,food-2130,food,133.23,28
2131,electronics-2131,electronics,331.44,46
2132,clothing-2132,clothing,95.03,197
2133,books-2133,books,91.01,114
2134,home-2134,home,381.76,374
2135,toys-2135,toys,282.19,291
2136,food-2136,food,27.36,434
2137,electronics-2137,electronics,448.75,469
2138,clothing-2138,clothing,186.13,262
2139,books-2139,books,371.00,487
2140,home-2140,home,20.68,451
2141,toys-2141,toys,205.30,284
2142,food-2142,food,73.76,233
2143,electronics-2143,electronics,467.43,239
2144,clothing-2144,clothing,417.44,398
2145,books-2145,books,31.17,295
2146,home-2146,home,73.42,445
2147,toys-2147,toys,100.82,466
2148,food-2148,food,189.77,194
2149,electronics-2149,electronics,436.99,288
2150,clothing-2150,clothing,266.46,432
2151,books-2151,books,101.35,251
2152,home-2152,home,234.45,152
2153,toys-2153,toys,489.80,291
2154,food-2154,food,122.45,447
2155,electronics-2155,electronics,99.02,295
2156,clothing-2156,clothing,205.95,417
2157,books-2157,books,449.83,95
2158,home-2158,home,261.69,135
2159,toys-2159,toys,66.65,371
2160,food-2160,food,46.81,495
2161,electronics-2161,electronics,125.49,189
2162,clothing-2162,clothing,141.86,133
2163,books-2163,books,131.66,295
2164,home-2164,home,119.39,48
2165,toys-2165,toys,205.11,130
2166,food-2166,food,359.32,57
2167,electronics-2167,electronics,407.89,21
2168,clothing-2168,clothing,273.57,248
2169,books-2169,books,16.36,208
2170,home-2170,home,62.06,9
2171,toys-2171,toys,115.97,375
2172,food-2172,food,244.17,77
2173,electronics-2173,electronics,133.37,274
2174,clothing-2174,clothing,41.25,400
2175,books-2175,books,478.35,362
2176,home-2176,home,244.22,56
2177,toys-2177,toys,224.49,275
2178,food-2178,food,188.66,378
2179,electronics-2179,electronics,371.25,376
2180,clothing-2180,clothing,309.03,100
2181,books-2181,books,292.53,217
2182,home-2182,home,268.35,152
2183,toys-2183,toys,362.16,76
2184,food-2184,food,301.97,203
2185,electronics-2185,electronics,483.40,103
2186,clothing-2186,clothing,180.38,313
2187,books-2187,books,63.32,24
2188,home-2188,home,217.12,477
2189,toys-2189,toys,75.55,21
2190,food-2190,food,434.53,236
2191,electronics-2191,electronics,44.24,496
2192,clothing-2192,clothing,257.34,35
2193,books-2193,books,164.63,88
2194,home-2194,home,360.97,61
2195,toys-2195,toys,227.79,159
2196,food-2196,food,198.22,484
2197,electronics-2197,electronics,291.37,243
2198,clothing-2198,clothing,136.83,65
2199,books-2199,books,137.46,402
2200,home-2200,home,236.49,185
2201,toys-2201,toys,340.03,300
2202,food-2202,food,107.64,25
2203,electronics-2203,electronics,203.99,55
2204,clothing-2204,clothing,416.87,399
2205,books-2205,books,443.78,286
2206,home-2206,home,49.29,461
2207,toys-2207,toys,349.20,273
2208,food-2208,food,216.91,263
2209,electronics-2209,electronics,245.80,215
2210,clothing-2210,clothing,458.17,459
2211,books-2211,books,134.37,288
2212,home-2212,home,105.62,192
2213,toys-2213,toys,384.26,109
2214,food-2214,food,400.11,409
2215,electronics-2215,electronics,403.65,443
2216,clothing-2216,clothing,276.88,27
2217,books-2217,books,31.14,275
2218,home-2218,home,135.62,68
2219,toys-2219,toys,261.91,249
2220,food-2220,food,477.52,344
2221,electronics-2221,electronics,476.35,465
2222,clothing-2222,clothing,405.07,299
2223,books-2223,books,483.31,382
2224,home-2224,home,491.52,283
2225,toys-2225,toys,451.64,194
2226,food-2226,food,195.48,250
2227,electronics-2227,electronics,453.31,439
2228,clothing-2228,clothing,221.09,392
2229,books-2229,books,415.73,470
2230,home-2230,home,142.43,75
2231,toys-2231,toys,112.49,296
2232,food-2232,food,154.76,481
2233,electronics-2233,electronics,277.62,455
2234,clothing-2234,clothing,466.14,474
2235,books-2235,books,419.38,136
2236,home-2236,home,416.91,303
2237,toys-2237,toys,307.30,7
2238,food-2238,food,156.12,45
2239,electronics-2239,electronics,334.83,418
2240,clothing-2240,clothing,122.03,416
2241,books-2241,books,21.99,192
2242,home-2242,home,444.17,62
2243,toys-2243,toys,119.51,119
2244,food-2244,food,39.77,240
2245,electronics-2245,electronics,200.58,379
2246,clothing-2246,clothing,214.36,323
2247,books-2247,books,275.57,282
2248,home-2248,home,445.01,491
2249,toys-2249,toys,50.53,364
2250,food-2250,food,330.46,102
2251,electronics-2251,electronics,473.02,141
2252,clothing-2252,clothing,330.72,337
2253,books-2253,books,323.32,493
2254,home-2254,home,425.49,14
2255,toys-2255,toys,262.37,39
2256,food-2256,food,446.37,359
2257,electronics-2257,electronics,384.69,20
2258,clothing-2258,clothing,227.79,488
2259,books-2259,books,458.34,114
2260,home-2260,home,380.26,430
2261,toys-2261,toys,37.24,18
2262,food-2262,food,236.55,473
2263,electronics-2263,electronics,155.35,117
2264,clothing-2264,clothing,208.35,8
2265,books-2265,books,332.49,207
2266,home-2266,home,149.46,68
2267,toys-2267,toys,15.65,448
2268,food-2268,food,426.74,381
2269,electronics-2269,electronics,270.27,446
2270,clothing-2270,clothing,252.56,445
2271,books-2271,books,275.28,318
2272,home-2272,home,388.42,299
2273,toys-2273,toys,328.60,34
2274,food-2274,food,209.86,401
2275,electronics-2275,electronics,367.34,134
2276,clothing-2276,clothing,362.18,403
2277,books-2277,books,157.87,207
2278,home-2278,home,358.61,358
2279,toys-2279,toys,396.53,117
2280,food-2280,food,274.02,377
2281,electronics-2281,electronics,413.48,361
2282,clothing-2282,clothing,473.90,414
2283,books-2283,books,8.66,73
2284,home-2284,home,288.47,20
2285,toys-2285,toys,108.30,460
2286,food-2286,food,109.93,297
2287,electronics-2287,electronics,456.79,352
2288,clothing-2288,clothing,169.09,116
2289,books-2289,books,366.56,352
2290,home-2290,home,188.62,375
2291,toys-2291,toys,301.46,401
2292,food-2292,food,90.99,73
2293,electronics-2293,electronics,206.35,229
2294,clothing-2294,clothing,379.90,256
2295,books-2295,books,424.04,380
2296,home-2296,home,219.57,87
2297,toys-2297,toys,287.14,281
2298,food-2298,food,343.03,29
2299,electronics-2299,electronics,196.80,181
2300,clothing-2300,clothing,473.69,23
2301,books-2301,books,80.56,249
2302,home-2302,home,342.79,427
2303,toys-2303,toys,57.72,166
2304,food-2304,food,190.66,106
2305,electronics-2305,electronics,338.47,271
2306,clothing-2306,clothing,160.50,479
2307,books-2307,books,194.90,232
2308,home-2308,home,299.19,109
2309,toys-2309,toys,221.29,309
2310,food-2310,food,232.88,396
2311,electronics-2311,electronics,310.10,350
2312,clothing-2312,clothing,202.54,60
2313,books-2313,books,419.58,495
2314,home-2314,home,25.48,207
2315,toys-2315,toys,269.77,379
2316,food-2316,food,452.00,230
2317,electronics-2317,electronics,333.92,3
2318,clothing-2318,clothing,178.54,184
2319,books-2319,books,461.53,138
2320,home-2320,home,207.99,123
2321,toys-2321,toys,405.36,149
2322,food-2322,food,35.35,301
2323,electronics-2323,electronics,400.73,396
2324,clothing-2324,clothing,497.35,123
2325,books-2325,books,369.82,319
2326,home-2326,home,472.65,76
2327,toys-2327,toys,373.15,77
2328,food-2328,food,173.27,270
2329,electronics-2329,electronics,492.79,405
2330,clothing-2330,clothing,499.38,24
2331,books-2331,books,197.30,21
2332,home-2332,home,139.66,205
2333,toys-2333,toys,444.97,387
2334,food-2334,food,358.84,249
2335,electronics-2335,electronics,192.18,59
2336,clothing-2336,clothing,458.97,341
2337,books-2337,books,161.77,367
2338,home-2338,home,28.63,373
2339,toys-2339,toys,438.22,263
2340,food-2340,food,6.52,125
2341,electronics-2341,electronics,124.63,311
2342,clothing-2342,clothing,360.23,124
2343,books-2343,books,207.46,160
2344,home-2344,home,438.51,330
2345,toys-2345,toys,436.73,155
2346,food-2346,food,324.17,483
2347,electronics-2347,electronics,420.03,332
2348,clothing-2348,clothing,15.72,479
2349,books-2349,books,78.56,330
2350,home-2350,home,170.62,349
2351,toys-2351,toys,406.46,0
2352,food-2352,food,233.50,17
2353,electronics-2353,electronics,407.64,349
2354,clothing-2354,clothing,497.65,116
2355,books-2355,books,278.18,348
2356,home-2356,home,122.84,456
2357,toys-2357,toys,403.00,360
2358,food-2358,food,162.99,357
2359,electronics-2359,electronics,64.66,253
2360,clothing-2360,clothing,326.61,201
2361,books-2361,books,197.58,213
2362,home-2362,home,162.19,405
2363,toys-2363,toys,35.72,225
2364,food-2364,food,273.68,290
2365,electronics-2365,electronics,235.39,2
2366,clothing-2366,clothing,51.62,276
2367,books-2367,books,402.37,461
2368,home-2368,home,271.55,276
2369,toys-2369,toys,249.86,374
2370,food-2370,food,297.97,230
2371,electronics-2371,electronics,132.21,349
2372,clothing-2372,clothing,12.93,193
2373,books-2373,books,283.52,70
2374,home-2374,home,378.83,102
2375,toys-2375,toys,39.19,14
2376,food-2376,food,7.83,424
2377,electronics-2377,electronics,410.93,93
2378,clothing-2378,clothing,250.01,378
2379,books-2379,books,447.08,481
2380,home-2380,home,386.24,113
2381,toys-2381,toys,249.01,8
2382,food-2382,food,354.34,339
2383,electronics-2383,electronics,48.87,144
2384,clothing-2384,clothing,418.04,17
2385,books-2385,books,364.91,246
2386,home-2386,home,327.09,363
2387,toys-2387,toys,482.64,296
2388,food-2388,food,106.35,228
2389,electronics-2389,electronics,439.29,219
2390,clothing-2390,clothing,69.22,68
2391,books-2391,books,355.41,189
2392,home-2392,home,274.27,440
2393,toys-2393,toys,33.84,247
2394,food-2394,food,300.98,254
2395,electronics-2395,electronics,124.35,105
2396,clothing-2396,clothing,331.26,45
2397,books-2397,books,133.42,359
2398,home-2398,home,446.93,292
2399,toys-2399,toys,250.67,294
2400,food-2400,food,38.89,208
2401,electronics-2401,electronics,48.93,79
2402,clothing-2402,clothing,339.44,104
2403,books-2403,books,348.70,119
2404,home-2404,home,47.77,334
2405,toys-2405,toys,54.04,440
2406,food-2406,food,484.58,267
2407,electronics-2407,electronics,164.56,451
2408,clothing-2408,clothing,18.86,220
2409,books-2409,books,458.03,113
2410,home-2410,home,412.24,387
2411,toys-2411,toys,413.42,445
2412,food-2412,food,262.28,420
2413,electronics-2413,electronics,477.12,429
2414,clothing-2414,clothing,45.88,484
2415,books-2415,books,304.67,78
2416,home-2416,home,446.44,364
2417,toys-2417,toys,218.74,203
2418,food-2418,food,303.51,232
2419,electronics-2419,electronics,55.20,74
2420,clothing-2420,clothing,195.79,300
2421,books-2421,books,316.86,116
2422,home-2422,home,493.22,191
2423,toys-2423,toys,393.65,259
2424,food-2424,food,362.91,495
2425,electronics-2425,electronics,403.60,41
2426,clothing-2426,clothing,451.84,170
2427,books-2427,books,195.66,193
2428,home-2428,home,31.93,231
2429,toys-2429,toys,371.48,305
2430,food-2430,food,221.11,365
2431,electronics-2431,electronics,7.31,221
2432,clothing-2432,clothing,217.68,442
2433,books-2433,books,107.60,324
2434,home-2434,home,217.58,487
2435,toys-2435,toys,363.43,228
2436,food-2436,food,424.93,271
2437,electronics-2437,electronics,80.52,475
2438,clothing-2438,clothing,299.68,449
2439,books-2439,books,188.97,98
2440,home-2440,home,100.34,286
2441,toys-2441,toys,331.19,281
2442,food-2442,food,10.94,296
2443,electronics-2443,electronics,40.54,221
2444,clothing-2444,clothing,311.42,97
2445,books-2445,books,155.07,396
2446,home-2446,home,270.15,439
2447,toys-2447,toys,176.74,114
2448,food-2448,food,163.93,354
2449,electronics-2449,electronics,301.98,165
2450,clothing-2450,clothing,280.15,495
2451,books-2451,books,472.99,499
2452,home-2452,home,451.07,185
2453,toys-2453,toys,158.84,265
2454,food-2454,food,317.79,466
2455,electronics-2455,electronics,136.69,64
2456,clothing-2456,clothing,110.24,131
2457,books-2457,books,170.81,323
2458,home-2458,home,489.75,154
2459,toys-2459,toys,121.89,382
2460,food-2460,food,121.93,134
2461,electronics-2461,electronics,244.24,296
2462,clothing-2462,clothing,203.63,478
2463,books-2463,books,409.80,297
2464,home-2464,home,356.99,277
2465,toys-2465,toys,379.56,281
2466,food-2466,food,106.36,102
2467,electronics-2467,electronics,485.04,20
2468,clothing-2468,clothing,317.86,499
2469,books-2469,books,336.84,2
2470,home-2470,home,242.99,330
2471,toys-2471,toys,266.21,495
2472,food-2472,food,43.75,144
2473,electronics-2473,electronics,342.52,384
2474,clothing-2474,clothing,28.22,66
2475,books-2475,books,196.80,338
2476,home-2476,home,277.17,45
2477,toys-2477,toys,250.66,58
2478,food-2478,food,454.38,272
2479,electronics-2479,electronics,128.20,245
2480,clothing-2480,clothing,151.71,257
2481,books-2481,books,58.96,413
2482,home-2482,home,363.43,350
2483,toys-2483,toys,216.35,158
2484,food-2484,food,491.60,173
2485,electronics-2485,electronics,384.59,369
2486,clothing-2486,clothing,6.20,141
2487,books-2487,books,18.40,216
2488,home-2488,home,293.39,41
2489,toys-2489,toys,330.58,340
2490,food-2490,food,436.71,464
2491,electronics-2491,electronics,190.89,319
2492,clothing-2492,clothing,310.90,449
2493,books-2493,books,164.94,314
2494,home-2494,home,44.34,65
2495,toys-2495,toys,159.43,127
2496,food-2496,food,185.50,242
2497,electronics-2497,electronics,229.97,31
2498,clothing-2498,clothing,479.03,391
2499,books-2499,books,279.97,150
2500,home-2500,home,79.22,40
2501,toys-2501,toys,443.34,458
2502,food-2502,food,248.03,85
2503,electronics-2503,electronics,457.68,191
2504,clothing-2504,clothing,111.63,338
2505,books-2505,books,331.34,266
2506,home-2506,home,316.45,295
2507,toys-2507,toys,330.48,44
2508,food-2508,food,112.84,219
2509,electronics-2509,electronics,206.06,196
2510,clothing-2510,clothing,448.74,334
2511,books-2511,books,29.91,216
2512,home-2512,home,276.76,344
2513,toys-2513,toys,58.60,362
2514,food-2514,food,100.20,106
2515,electronics-2515,electronics,285.29,134
2516,clothing-2516,clothing,225.42,289
2517,books-2517,books,64.69,433
2518,home-2518,home,44.06,194
2519,toys-2519,toys,232.21,59
2520,food-2520,food,66.05,74
2521,electronics-2521,electronics,371.58,232
2522,clothing-2522,clothing,10.79,191
2523,books-2523,books,430.65,440
2524,home-2524,home,233.23,345
2525,toys-2525,toys,417.00,339
2526,food-2526,food,347.60,475
2527,electronics-2527,electronics,415.02,85
2528,clothing-2528,clothing,374.57,130
2529,books-2529,books,17.27,8
2530,home-2530,home,39.07,149
2531,toys-2531,toys,461.81,173
2532,food-2532,food,37.85,379
2533,electronics-2533,electronics,190.88,147
2534,clothing-2534,clothing,473.00,144
2535,books-2535,books,297.48,162
2536,home-2536,home,485.50,270
2537,toys-2537,toys,280.76,287
2538,food-2538,food,89.06,469
2539,electronics-2539,electronics,109.64,168
2540,clothing-2540,clothing,256.51,309
2541,books-2541,books,107.22,480
2542,home-2542,home,182.25,425
2543,toys-2543,toys,478.71,138
2544,food-2544,food,213.65,257
2545,electronics-2545,electronics,47.68,122
2546,clothing-2546,clothing,435.17,182
2547,books-2547,books,41.70,289
2548,home-2548,home,8.95,309
2549,toys-2549,toys,490.49,24
2550,food-2550,food,16.10,14
2551,electronics-2551,electronics,81.09,148
2552,clothing-2552,clothing,175.67,454
2553,books-2553,books,451.48,13
2554,home-2554,home,194.33,77
2555,toys-2555,toys,188.23,184
2556,food-2556,food,236.82,427
2557,electronics-2557,electronics,460.89,235
2558,clothing-2558,clothing,225.15,485
2559,books-2559,books,257.75,493
2560,home-2560,home,267.05,207
2561,toys-2561,toys,344.04,38
2562,food-2562,food,53.23,177
2563,electronics-2563,electronics,220.97,39
2564,clothing-2564,clothing,372.75,139
2565,books-2565,books,437.46,399
2566,home-2566,home,130.73,92
2567,toys-2567,toys,404.04,125
2568,food-2568,food,197.11,204
2569,electronics-2569,electronics,376.52,498
2570,clothing-2570,clothing,49.78,263
2571,books-2571,books,269.32,319
2572,home-2572,home,185.15,164
2573,toys-2573,toys,43.34,493
2574,food-2574,food,121.20,341
2575,electronics-2575,electronics,482.75,163
2576,clothing-2576,clothing,390.69,15
2577,books-2577,books,394.39,398
2578,home-2578,home,274.47,455
2579,toys-2579,toys,460.44,44
2580,food-2580,food,17.87,14
2581,electronics-2581,electronics,490.89,348
2582,clothing-2582,clothing,79.00,155
2583,books-2583,books,8.85,66
2584,home-2584,home,61.20,28
2585,toys-2585,toys,419.77,294
2586,food-2586,food,326.97,207
2587,electronics-2587,electronics,388.98,67
2588,clothing-2588,clothing,262.13,374
2589,books-2589,books,258.47,348
2590,home-2590,home,447.31,210
2591,toys-2591,toys,244.52,191
2592,food-2592,food,420.88,7
2593,electronics-2593,electronics,447.17,395
2594,clothing-2594,clothing,165.16,135
2595,books-2595,books,269.42,195
2596,home-2596,home,398.24,133
2597,toys-2597,toys,43.43,283
2598,food-2598,food,200.37,424
2599,electronics-2599,electronics,97.97,55
2600,clothing-2600,clothing,280.66,13
2601,books-2601,books,31.89,76
2602,home-2602,home,393.92,140
2603,toys-2603,toys,313.98,17
2604,food-2604,food,90.00,256
2605,electronics-2605,electronics,212.87,238
2606,clothing-2606,clothing,288.65,386
2607,books-2607,books,484.71,55
2608,home-2608,home,66.27,5
2609,toys-2609,toys,338.72,97
2610,food-2610,food,311.00,237
2611,electronics-2611,electronics,256.71,70
2612,clothing-2612,clothing,84.63,263
2613,books-2613,books,349.30,499
2614,home-2614,home,450.65,77
2615,toys-2615,toys,42.05,351
2616,food-2616,food,265.43,299
2617,electronics-2617,electronics,259.04,78
2618,clothing-2618,clothing,334.60,26
2619,books-2619,books,422.69,2
2620,home-2620,home,483.66,14
2621,toys-2621,toys,422.44,205
2622,food-2622,food,284.10,176
2623,electronics-2623,electronics,118.84,248
2624,clothing-2624,clothing,419.88,306
2625,books-2625,books,221.91,211
2626,home-2626,home,324.24,179
2627,toys-2627,toys,363.93,257
2628,food-2628,food,84.53,115
2629,electronics-2629,electronics,318.74,393
2630,clothing-2630,clothing,84.27,50
2631,books-2631,books,142.99,229
2632,home-2632,home,146.45,321
2633,toys-2633,toys,137.52,12
2634,food-2634,food,389.12,306
2635,electronics-2635,electronics,378.16,374
2636,clothing-2636,clothing,151.13,344
2637,books-2637,books,60.48,181
2638,home-2638,home,130.88,120
2639,toys-2639,toys,456.30,145
2640,food-2640,food,394.03,158
2641,electronics-2641,electronics,426.61,177
2642,clothing-2642,clothing,151.16,190
2643,books-2643,books,19.52,159
2644,home-2644,home,342.79,404
2645,toys-2645,toys,22.06,477
2646,food-2646,food,102.81,333
2647,electronics-2647,electronics,246.69,397
2648,clothing-2648,clothing,38.01,485
2649,books-2649,books,8.21,116
2650,home-2650,home,408.08,382
2651,toys-2651,toys,23.30,335
2652,food-2652,food,156.20,275
2653,electronics-2653,electronics,374.18,265
2654,clothing-2654,clothing,101.21,5
2655,books-2655,books,238.35,254
2656,home-2656,home,289.26,367
2657,toys-2657,toys,309.06,371
2658,food-2658,food,384.51,52
2659,electronics-2659,electronics,6.27,457
2660,clothing-2660,clothing,236.47,451
2661,books-2661,books,271.75,135
2662,home-2662,home,421.35,477
2663,toys-2663,toys,17.60,193
2664,food-2664,food,111.47,370
2665,electronics-2665,electronics,308.15,278
2666,clothing-2666,clothing,200.55,286
2667,books-2667,books,447.31,442
2668,home-2668,home,329.71,64
2669,toys-2669,toys,375.13,61
2670,food-2670,food,396.52,228
2671,electronics-2671,electronics,335.75,448
2672,clothing-2672,clothing,407.94,456
2673,books-2673,books,412.93,48
2674,home-2674,home,301.63,308
2675,toys-2675,toys,152.11,101
2676,food-2676,food,248.81,203
2677,electronics-2677,electronics,341.44,372
2678,clothing-2678,clothing,200.32,3
2679,books-2679,books,361.48,271
2680,home-2680,home,112.31,138
2681,toys-2681,toys,6.95,233
2682,food-2682,food,224.52,429
2683,electronics-2683,electronics,77.35,130
2684,clothing-2684,clothing,270.61,223
2685,books-2685,books,72.51,390
2686,home-2686,home,31.19,482
2687,toys-2687,toys,362.60,288
2688,food-2688,food,347.95,131
2689,electronics-2689,electronics,156.93,362
2690,clothing-2690,clothing,405.58,330
2691,books-2691,books,308.56,481
2692,home-2692,home,495.38,296
2693,toys-2693,toys,412.13,338
2694,food-2694,food,248.43,451
2695,electronics-2695,electronics,440.66,420
2696,clothing-2696,clothing,456.94,70
2697,books-2697,books,364.54,449
2698,home-2698,home,38.78,133
2699,toys-2699,toys,7.08,439
2700,food-2700,food,326.88,108
2701,electronics-2701,electronics,366.01,498
2702,clothing-2702,clothing,267.21,280
2703,books-2703,books,354.37,259
2704,home-2704,home,358.10,145
2705,toys-2705,toys,183.42,473
2706,food-2706,food,37.85,434
2707,electronics-2707,electronics,370.46,73
2708,clothing-2708,clothing,82.92,302
2709,books-2709,books,320.19,354
2710,home-2710,home,262.35,38
2711,toys-2711,toys,68.88,103
2712,food-2712,food,5.98,360
2713,electronics-2713,electronics,288.12,397
2714,clothing-2714,clothing,333.16,300
2715,books-2715,books,456.97,214
2716,home-2716,home,68.97,165
2717,toys-2717,toys,296.44,267
2718,food-2718,food,228.61,98
2719,electronics-2719,electronics,301.63,15
2720,clothing-2720,clothing,268.95,387
2721,books-2721,books,209.57,30
2722,home-2722,home,413.77,280
2723,toys-2723,toys,401.81,345
2724,food-2724,food,358.63,160
2725,electronics-2725,electronics,369.21,19
2726,clothing-2726,clothing,257.86,419
2727,books-2727,books,411.29,340
2728,home-2728,home,432.46,250
2729,toys-2729,toys,225.75,258
2730,food-2730,food,9.80,64
2731,electronics-2731,electronics,313.35,307
2732,clothing-2732,clothing,454.77,159
2733,books-2733,books,351.48,494
2734,home-2734,home,84.50,319
2735,toys-2735,toys,90.71,136
2736,food-2736,food,313.64,243
2737,electronics-2737,electronics,143.18,346
2738,clothing-2738,clothing,464.80,340
2739,books-2739,books,92.35,117
2740,home-2740,home,434.08,448
2741,toys-2741,toys,110.82,213
2742,food-2742,food,115.39,228
2743,electronics-2743,electronics,302.96,390
2744,clothing-2744,clothing,440.29,268
2745,books-2745,books,216.11,392
2746,home-2746,home,259.58,427
2747,toys-2747,toys,304.29,68
2748,food-2748,food,32.94,489
2749,electronics-2749,electronics,297.06,318
2750,clothing-2750,clothing,329.49,412
2751,books-2751,books,113.41,227
2752,home-2752,home,413.46,138
2753,toys-2753,toys,425.51,169
2754,food-2754,food,275.45,348
2755,electronics-2755,electronics,301.43,182
2756,clothing-2756,clothing,292.17,232
2757,books-2757,books,45.87,355
2758,home-2758,home,46.54,186
2759,toys-2759,toys,388.32,484
2760,food-2760,food,185.75,68
2761,electronics-2761,electronics,462.84,432
2762,clothing-2762,clothing,53.45,498
2763,books-2763,books,239.95,231
2764,home-2764,home,460.13,304
2765,toys-2765,toys,479.40,229
2766,food-2766,food,159.27,382
2767,electronics-2767,electronics,21.83,414
2768,clothing-2768,clothing,101.70,341
2769,books-2769,books,431.03,368
2770,home-2770,home,363.65,337
2771,toys-2771,toys,205.93,209
2772,food-2772,food,202.98,385
2773,electronics-2773,electronics,342.27,114
2774,clothing-2774,clothing,446.90,282
2775,books-2775,books,182.53,390
2776,home-2776,home,115.12,293
2777,toys-2777,toys,152.53,3
2778,food-2778,food,41.94,353
2779,electronics-2779,electronics,158.97,275
2780,clothing-2780,clothing,184.28,88
2781,books-2781,books,443.17,465
2782,home-2782,home,146.58,296
2783,toys-2783,toys,406.36,130
2784,food-2784,food,259.52,49
2785,electronics-2785,electronics,116.97,353
2786,clothing-2786,clothing,294.82,22
2787,books-2787,books,435.21,390
2788,home-2788,home,366.96,101
2789,toys-2789,toys,244.64,140
2790,food-2790,food,418.07,464
2791,electronics-2791,electronics,90.26,58
2792,clothing-2792,clothing,342.25,330
2793,books-2793,books,221.10,488
2794,home-2794,home,35.69,170
2795,toys-2795,toys,283.71,342
2796,food-2796,food,208.54,223
2797,electronics-2797,electronics,271.00,129
2798,clothing-2798,clothing,423.55,426
2799,books-2799,books,51.82,258
2800,home-2800,home,411.73,500
2801,toys-2801,toys,271.87,142
2802,food-2802,food,63.01,185
2803,electronics-2803,electronics,200.75,149
2804,clothing-2804,clothing,495.91,229
2805,books-2805,books,397.23,393
2806,home-2806,home,241.49,318
2807,toys-2807,toys,496.56,396
2808,food-2808,food,455.11,249
2809,electronics-2809,electronics,361.70,496
2810,clothing-2810,clothing,477.20,22
2811,books-2811,books,252.58,58
2812,home-2812,home,109.52,479
2813,toys-2813,toys,172.60,308
2814,food-2814,food,200.56,445
2815,electronics-2815,electronics,325.32,349
2816,clothing-2816,clothing,413.75,480
2817,books-2817,books,194.92,169
2818,home-2818,home,118.91,452
2819,toys-2819,toys,115.95,78
2820,food-2820,food,310.91,188
2821,electronics-2821,electronics,446.86,249
2822,clothing-2822,clothing,246.14,169
2823,books-2823,books,200.59,310
2824,home-2824,home,376.64,81
2825,toys-2825,toys,498.28,263
2826,food-2826,food,294.18,329
2827,electronics-2827,electronics,319.32,211
2828,clothing-2828,clothing,209.70,346
2829,books-2829,books,71.95,393
2830,home-2830,home,7.63,366
2831,toys-2831,toys,206.59,33
2832,food-2832,food,443.39,360
2833,electronics-2833,electronics,487.22,485
2834,clothing-2834,clothing,46.62,178
2835,books-2835,books,345.88,470
2836,home-2836,home,175.11,475
2837,toys-2837,toys,168.52,391
2838,food-2838,food,322.54,143
2839,electronics-2839,electronics,407.22,429
2840,clothing-2840,clothing,494.18,294
2841,books-2841,books,296.23,402
2842,home-2842,home,226.45,60
2843,toys-2843,toys,287.26,158
2844,food-2844,food,363.48,416
2845,electronics-2845,electronics,159.12,239
2846,clothing-2846,clothing,34.29,251
2847,books-2847,books,76.20,135
2848,home-2848,home,110.12,16
2849,toys-2849,toys,261.17,319
2850,food-2850,food,366.85,237
2851,electronics-2851,electronics,433.93,375
2852,clothing-2852,clothing,391.53,428
2853,books-2853,books,483.99,54
2854,home-2854,home,319.07,458
2855,toys-2855,toys,256.35,377
2856,food-2856,food,267.72,310
2857,electronics-2857,electronics,22.72,152
2858,clothing-2858,clothing,427.75,142
2859,books-2859,books,486.48,186
2860,home-2860,home,214.80,187
2861,toys-2861,toys,423.11,473
2862,food-2862,food,101.77,110
2863,electronics-2863,electronics,317.08,371
2864,clothing-2864,clothing,289.99,53
2865,books-2865,books,327.07,345
2866,home-2866,home,440.64,478
2867,toys-2867,toys,435.30,456
2868,food-2868,food,279.26,124
2869,electronics-2869,electronics,79.44,183
2870,clothing-2870,clothing,26.78,421
2871,books-2871,books,71.51,67
2872,home-2872,home,424.04,292
2873,toys-2873,toys,491.26,343
2874,food-2874,food,289.50,435
2875,electronics-2875,electronics,471.25,94
2876,clothing-2876,clothing,499.69,124
2877,books-2877,books,129.95,342
2878,home-2878,home,482.80,279
2879,toys-2879,toys,368.45,385
2880,food-2880,food,302.29,224
2881,electronics-2881,electronics,59.83,58
2882,clothing-2882,clothing,303.35,228
2883,books-2883,books,206.39,46
2884,home-2884,home,161.57,161
2885,toys-2885,toys,227.42,202
2886,food-2886,food,469.51,476
2887,electronics-2887,electronics,365.02,430
2888,clothing-2888,clothing,495.34,15
2889,books-2889,books,31.13,109
2890,home-2890,home,59.19,43
2891,toys-2891,toys,55.97,377
2892,food-2892,food,9.44,151
2893,electronics-2893,electronics,386.02,247
2894,clothing-2894,clothing,140.94,496
2895,books-2895,books,277.95,282
2896,home-2896,home,482.55,358
2897,toys-2897,toys,48.74,331
2898,food-2898,food,421.50,73
2899,electronics-2899,electronics,176.82,203
2900,clothing-2900,clothing,170.45,429
2901,books-2901,books,12.09,53
2902,home-2902,home,332.92,187
2903,toys-2903,toys,87.95,25
2904,food-2904,food,126.43,305
2905,electronics-2905,electronics,437.06,129
2906,clothing-2906,clothing,456.67,494
2907,books-2907,books,476.09,278
2908,home-2908,home,277.01,199
2909,toys-2909,toys,88.15,141
2910,food-2910,food,328.32,117
2911,electronics-2911,electronics,424.07,262
2912,clothing-2912,clothing,108.17,243
2913,books-2913,books,275.51,163
2914,home-2914,home,129.25,218
2915,toys-2915,toys,483.23,441
2916,food-2916,food,393.90,393
2917,electronics-2917,electronics,6.76,344
2918,clothing-2918,clothing,34.18,388
2919,books-2919,books,480.18,113
2920,home-2920,home,406.62,250
2921,toys-2921,toys,259.99,117
2922,food-2922,food,81.50,197
2923,electronics-2923,electronics,408.02,366
2924,clothing-2924,clothing,127.01,138
2925,books-2925,books,215.28,412
2926,home-2926,home,154.70,352
2927,toys-2927,toys,416.52,9
2928,food-2928,food,72.24,232
2929,electronics-2929,electronics,200.75,172
2930,clothing-2930,clothing,435.23,230
2931,books-2931,books,113.12,128
2932,home-2932,home,216.74,333
2933,toys-2933,toys,21.86,122
2934,food-2934,food,144.81,35
2935,electronics-2935,electronics,169.90,36
2936,clothing-2936,clothing,113.98,299
2937,books-2937,books,280.01,354
2938,home-2938,home,457.13,268
2939,toys-2939,toys,256.90,398
2940,food-2940,food,308.72,484
2941,electronics-2941,electronics,328.96,236
2942,clothing-2942,clothing,497.62,267
2943,books-2943,books,495.71,455
2944,home-2944,home,410.91,254
2945,toys-2945,toys,401.59,284
2946,food-2946,food,259.27,6
2947,electronics-2947,electronics,225.79,80
2948,clothing-2948,clothing,491.85,287
2949,books-2949,books,302.63,234
2950,home-2950,home,333.67,273
2951,toys-2951,toys,10.43,96
2952,food-2952,food,186.05,54
2953,electronics-2953,electronics,439.09,298
2954,clothing-2954,clothing,108.27,413
2955,books-2955,books,9.50,204
2956,home-2956,home,54.09,102
2957,toys-2957,toys,466.67,456
2958,food-2958,food,430.97,477
2959,electronics-2959,electronics,101.55,117
2960,clothing-2960,clothing,283.95,130
2961,books-2961,books,229.12,429
2962,home-2962,home,453.03,35
2963,toys-2963,toys,44.60,178
2964,food-2964,food,394.33,84
2965,electronics-2965,electronics,375.80,125
2966,clothing-2966,clothing,277.59,254
2967,books-2967,books,270.35,17
2968,home-2968,home,468.37,189
2969,toys-2969,toys,255.49,65
2970,food-2970,food,102.68,441
2971,electronics-2971,electronics,102.50,22
2972,clothing-2972,clothing,66.71,418
2973,books-2973,books,201.18,148
2974,home-2974,home,468.37,227
2975,toys-2975,toys,215.27,148
2976,food-2976,food,140.16,439
2977,electronics-2977,electronics,317.12,279
2978,clothing-2978,clothing,239.50,421
2979,books-2979,books,435.16,261
2980,home-2980,home,84.71,122
2981,toys-2981,toys,325.93,421
2982,food-2982,food,109.56,138
2983,electronics-2983,electronics,190.52,214
2984,clothing-2984,clothing,109.95,407
2985,books-2985,books,372.44,147
2986,home-2986,home,204.11,197
2987,toys-2987,toys,14.74,12
2988,food-2988,food,378.53,87
2989,electronics-2989,electronics,349.56,426
2990,clothing-2990,clothing,143.02,107
2991,books-2991,books,319.15,377
2992,home-2992,home,99.74,299
2993,toys-2993,toys,281.39,127
2994,food-2994,food,41.05,425
2995,electronics-2995,electronics,127.52,253
2996,clothing-2996,clothing,283.48,321
2997,books-2997,books,174.10,76
2998,home-2998,home,192.93,487
2999,toys-2999,toys,31.61,468
3000,food-3000,food,277.71,410
3001,electronics-3001,electronics,39.70,367
3002,clothing-3002,clothing,325.26,114
3003,books-3003,books,288.11,380
3004,home-3004,home,55.76,342
3005,toys-3005,toys,265.45,317
3006,food-3006,food,36.43,487
3007,electronics-3007,electronics,111.61,387
3008,clothing-3008,clothing,323.48,247
3009,books-3009,books,41.84,213
3010,home-3010,home,115.05,424
3011,toys-3011,toys,211.81,122
3012,food-3012,food,306.84,462
3013,electronics-3013,electronics,70.73,496
3014,clothing-3014,clothing,452.56,430
3015,books-3015,books,48.36,207
3016,home-3016,home,304.83,446
3017,toys-3017,toys,370.53,384
3018,food-3018,food,436.52,410
3019,electronics-3019,electronics,295.30,215
3020,clothing-3020,clothing,311.96,389
3021,books-3021,books,262.60,465
3022,home-3022,home,131.90,22
3023,toys-3023,toys,58.92,151
3024,food-3024,food,87.80,221
3025,electronics-3025,electronics,111.24,271
3026,clothing-3026,clothing,201.21,270
3027,books-3027,books,435.41,259
3028,home-3028,home,252.91,68
3029,toys-3029,toys,76.83,357
3030,food-3030,food,169.57,146
3031,electronics-3031,electronics,310.09,247
3032,clothing-3032,clothing,8.81,438
3033,books-3033,books,235.40,79
3034,home-3034,home,395.94,224
3035,toys-3035,toys,157.94,80
3036,food-3036,food,385.92,276
3037,electronics-3037,electronics,450.45,94
3038,clothing-3038,clothing,464.25,143
3039,books-3039,books,489.80,118
3040,home-3040,home,149.48,291
3041,toys-3041,toys,117.54,381
3042,food-3042,food,490.75,479
3043,electronics-3043,electronics,269.90,191
3044,clothing-3044,clothing,167.41,234
3045,books-3045,books,153.33,133
3046,home-3046,home,474.82,305
3047,toys-3047,toys,66.91,35
3048,food-3048,food,461.35,51
3049,electronics-3049,electronics,242.92,58
3050,clothing-3050,clothing,340.44,416
3051,books-3051,books,308.52,345
3052,home-3052,home,478.87,396
3053,toys-3053,toys,155.65,250
3054,food-3054,food,69.70,212
3055,electronics-3055,electronics,350.42,93
3056,clothing-3056,clothing,344.64,28
3057,books-3057,books,215.97,299
3058,home-3058,home,190.98,309
3059,toys-3059,toys,313.17,129
3060,food-3060,food,90.31,377
3061,electronics-3061,electronics,280.45,100
3062,clothing-3062,clothing,238.50,356
3063,books-3063,books,107.80,385
3064,home-3064,home,181.15,321
3065,toys-3065,toys,477.30,212
3066,food-3066,food,15.46,300
3067,electronics-3067,electronics,219.35,357
3068,clothing-3068,clothing,295.61,238
3069,books-3069,books,270.69,209
3070,home-3070,home,25.31,332
3071,toys-3071,toys,447.17,260
3072,food-3072,food,308.74,289
3073,electronics-3073,electronics,257.96,90
3074,clothing-3074,clothing,200.39,461
3075,books-3075,books,417.19,101
3076,home-3076,home,469.87,452
3077,toys-3077,toys,410.40,475
3078,food-3078,food,61.38,468
3079,electronics-3079,electronics,468.99,265
3080,clothing-3080,clothing,302.88,32
3081,books-3081,books,334.65,124
3082,home-3082,home,20.16,331
3083,toys-3083,toys,330.95,41
3084,food-3084,food,448.88,438
3085,electronics-3085,electronics,354.10,446
3086,clothing-3086,clothing,149.81,348
3087,books-3087,books,432.74,300
3088,home-3088,home,164.88,448
3089,toys-3089,toys,402.10,244
3090,food-3090,food,330.55,241
3091,electronics-3091,electronics,366.80,163
3092,clothing-3092,clothing,199.23,107
3093,books-3093,books,183.91,115
3094,home-3094,home,165.14,366
3095,toys-3095,toys,132.72,362
3096,food-3096,food,187.49,11
3097,electronics-3097,electronics,52.87,143
3098,clothing-3098,clothing,322.59,192
3099,books-3099,books,49.96,488
3100,home-3100,home,431.83,59
3101,toys-3101,toys,319.99,491
3102,food-3102,food,63.45,398
3103,electronics-3103,electronics,392.60,98
3104,clothing-3104,clothing,53.74,434
3105,books-3105,books,279.29,74
3106,home-3106,home,308.07,452
3107,toys-3107,toys,181.52,488
3108,food-3108,food,418.21,29
3109,electronics-3109,electronics,66.29,477
3110,clothing-3110,clothing,165.47,302
3111,books-3111,books,450.58,492
3112,home-3112,home,90.62,228
3113,toys-3113,toys,356.61,454
3114,food-3114,food,144.75,209
3115,electronics-3115,electronics,65.25,185
3116,clothing-3116,clothing,308.77,233
3117,books-3117,books,193.46,46
3118,home-3118,home,496.05,488
3119,toys-3119,toys,435.21,383
3120,food-3120,food,359.03,443
3121,electronics-3121,electronics,275.19,216
3122,clothing-3122,clothing,391.12,144
3123,books-3123,books,266.45,308
3124,home-3124,home,46.93,180
3125,toys-3125,toys,223.41,56
3126,food-3126,food,430.85,262
3127,electronics-3127,electronics,267.79,185
3128,clothing-3128,clothing,403.18,274
3129,books-3129,books,115.15,136
3130,home-3130,home,127.67,473
3131,toys-3131,toys,125.77,21
3132,food-3132,food,378.65,421
3133,electronics-3133,electronics,35.69,185
3134,clothing-3134,clothing,81.79,206
3135,books-3135,books,353.21,148
3136,home-3136,home,112.39,485
3137,toys-3137,toys,335.61,482
3138,food-3138,food,490.08,167
3139,electronics-3139,electronics,16.28,485
3140,clothing-3140,clothing,268.17,98
3141,books-3141,books,32.12,92
3142,home-3142,home,374.70,349
3143,toys-3143,toys,7.02,133
3144,food-3144,food,356.04,101
3145,electronics-3145,electronics,347.55,305
3146,clothing-3146,clothing,330.49,28
3147,books-3147,books,44.65,404
3148,home-3148,home,390.15,352
3149,toys-3149,toys,294.68,135
3150,food-3150,food,349.68,327
3151,electronics-3151,electronics,167.56,120
3152,clothing-3152,clothing,495.48,452
3153,books-3153,books,228.77,76
3154,home-3154,home,357.54,482
3155,toys-3155,toys,413.14,446
3156,food-3156,food,148.25,250
3157,electronics-3157,electronics,56.15,345
3158,clothing-3158,clothing,469.64,408
3159,books-3159,books,41.21,411
3160,home-3160,home,155.30,407
3161,toys-3161,toys,83.39,91
3162,food-3162,food,331.53,486
3163,electronics-3163,electronics,440.00,17
3164,clothing-3164,clothing,206.53,408
3165,books-3165,books,77.50,334
3166,home-3166,home,305.17,238
3167,toys-3167,toys,359.19,336
3168,food-3168,food,6.24,270
3169,electronics-3169,electronics,143.95,491
3170,clothing-3170,clothing,274.19,413
3171,books-3171,books,252.14,331
3172,home-3172,home,296.84,116
3173,toys-3173,toys,413.81,278
3174,food-3174,food,312.16,33
3175,electronics-3175,electronics,273.56,59
3176,clothing-3176,clothing,95.09,430
3177,books-3177,books,43.92,424
3178,home-3178,home,133.04,169
3179,toys-3179,toys,64.72,321
3180,food-3180,food,486.99,160
3181,electronics-3181,electronics,382.27,401
3182,clothing-3182,clothing,22.44,468
3183,books-3183,books,446.24,149
3184,home-3184,home,185.79,304
3185,toys-3185,toys,284.49,70
3186,food-3186,food,467.36,91
3187,electronics-3187,electronics,236.60,30
3188,clothing-3188,clothing,435.72,283
3189,books-3189,books,214.83,154
3190,home-3190,home,120.37,159
3191,toys-3191,toys,371.36,241
3192,food-3192,food,459.73,206
3193,electronics-3193,electronics,254.84,321
3194,clothing-3194,clothing,265.59,332
3195,books-3195,books,426.96,500
3196,home-3196,home,362.88,487
3197,toys-3197,toys,343.51,497
3198,food-3198,food,40.73,454
3199,electronics-3199,electronics,132.52,427
3200,clothing-3200,clothing,125.17,279
3201,books-3201,books,213.20,267
3202,home-3202,home,383.77,2
3203,toys-3203,toys,63.86,9
3204,food-3204,food,89.07,85
3205,electronics-3205,electronics,495.38,485
3206,clothing-3206,clothing,397.10,165
3207,books-3207,books,496.64,340
3208,home-3208,home,244.05,179
3209,toys-3209,toys,77.25,425
3210,food-3210,food,5.68,180
3211,electronics-3211,electronics,75.67,273
3212,clothing-3212,clothing,61.73,490
3213,books-3213,books,143.95,365
3214,home-3214,home,176.22,323
3215,toys-3215,toys,118.23,64
3216,food-3216,food,119.94,235
3217,electronics-3217,electronics,165.21,320
3218,clothing-3218,clothing,385.96,126
3219,books-3219,books,151.69,112
3220,home-3220,home,23.98,353
3221,toys-3221,toys,227.72,271
3222,food-3222,food,57.57,419
3223,electronics-3223,electronics,394.58,280
3224,clothing-3224,clothing,77.14,496
3225,books-3225,books,12.25,232
3226,home-3226,home,435.83,243
3227,toys-3227,toys,269.21,472
3228,food-3228,food,194.89,213
3229,electronics-3229,electronics,76.15,490
3230,clothing-3230,clothing,217.03,442
3231,books-3231,books,344.90,468
3232,home-3232,home,58.09,21
3233,toys-3233,toys,17.95,173
3234,food-3234,food,379.74,353
3235,electronics-3235,electronics,241.66,81
3236,clothing-3236,clothing,105.33,288
3237,books-3237,books,15.61,282
3238,home-3238,home,84.79,138
3239,toys-3239,toys,243.18,410
3240,food-3240,food,337.80,178
3241,electronics-3241,electronics,366.70,483
3242,clothing-3242,clothing,328.84,268
3243,books-3243,books,102.05,211
3244,home-3244,home,296.01,64
3245,toys-3245,toys,479.12,320
3246,food-3246,food,495.02,492
3247,electronics-3247,electronics,19.90,251
3248,clothing-3248,clothing,72.88,289
3249,books-3249,books,270.05,290
3250,home-3250,home,439.37,96
3251,toys-3251,toys,383.50,378
3252,food-3252,food,93.13,177
3253,electronics-3253,electronics,422.97,57
3254,clothing-3254,clothing,268.18,179
3255,books-3255,books,298.25,243
3256,home-3256,home,480.73,71
3257,toys-3257,toys,477.30,328
3258,food-3258,food,226.12,105
3259,electronics-3259,electronics,23.05,38
3260,clothing-3260,clothing,369.25,279
3261,books-3261,books,40.55,0
3262,home-3262,home,473.86,415
3263,toys-3263,toys,241.75,101
3264,food-3264,food,320.17,5
3265,electronics-3265,electronics,301.45,264
3266,clothing-3266,clothing,165.38,399
3267,books-3267,books,210.12,52
3268,home-3268,home,473.71,262
3269,toys-3269,toys,151.84,310
3270,food-3270,food,357.81,43
3271,electronics-3271,electronics,161.15,450
3272,clothing-3272,clothing,381.91,484
3273,books-3273,books,87.66,157
3274,home-3274,home,262.12,214
3275,toys-3275,toys,316.05,454
3276,food-3276,food,22.22,303
3277,electronics-3277,electronics,485.13,149
3278,clothing-3278,clothing,260.02,160
3279,books-3279,books,321.26,310
3280,home-3280,home,21.97,32
3281,toys-3281,toys,136.99,366
3282,food-3282,food,151.11,18
3283,electronics-3283,electronics,495.15,220
3284,clothing-3284,clothing,457.62,219
3285,books-3285,books,76.26,193
3286,home-3286,home,394.13,260
3287,toys-3287,toys,403.76,224
3288,food-3288,food,439.79,78
3289,electronics-3289,electronics,425.90,276
3290,clothing-3290,clothing,71.82,303
3291,books-3291,books,204.21,450
3292,home-3292,home,140.91,181
3293,toys-3293,toys,30.74,310
3294,food-3294,food,360.45,79
3295,electronics-3295,electronics,10.53,489
3296,clothing-3296,clothing,18.91,244
3297,books-3297,books,475.65,309
3298,home-3298,home,248.05,170
3299,toys-3299,toys,217.27,189
3300,food-3300,food,210.11,68
3301,electronics-3301,electronics,321.96,270
3302,clothing-3302,clothing,499.64,260
3303,books-3303,books,345.47,226
3304,home-3304,home,261.16,140
3305,toys-3305,toys,260.32,248
3306,food-3306,food,314.67,384
3307,electronics-3307,electronics,422.20,469
3308,clothing-3308,clothing,201.71,184
3309,books-3309,books,490.00,167
3310,home-3310,home,467.40,348
3311,toys-3311,toys,163.19,205
3312,food-3312,food,346.52,73
3313,electronics-3313,electronics,132.62,334
3314,clothing-3314,clothing,429.87,141
3315,books-3315,books,85.13,135
3316,home-3316,home,62.04,231
3317,toys-3317,toys,389.45,158
3318,food-3318,food,358.25,49
3319,electronics-3319,electronics,417.72,27
3320,clothing-3320,clothing,25.69,453
3321,books-3321,books,334.09,407
3322,home-3322,home,452.08,67
3323,toys-3323,toys,246.25,41
3324,food-3324,food,76.05,373
3325,electronics-3325,electronics,420.82,63
3326,clothing-3326,clothing,420.74,199
3327,books-3327,books,260.82,287
3328,home-3328,home,483.39,143
3329,toys-3329,toys,434.93,352
3330,food-3330,food,184.57,262
3331,electronics-3331,electronics,362.43,14
3332,clothing-3332,clothing,161.60,122
3333,books-3333,books,45.66,29
3334,home-3334,home,19.96,38
3335,toys-3335,toys,403.38,390
3336,food-3336,food,490.37,10
3337,electronics-3337,electronics,279.20,462
3338,clothing-3338,clothing,302.08,397
3339,books-3339,books,356.37,399
3340,home-3340,home,291.13,389
3341,toys-3341,toys,285.88,248
3342,food-3342,food,197.88,423
3343,electronics-3343,electronics,129.81,468
3344,clothing-3344,clothing,175.07,448
3345,books-3345,books,435.94,15
3346,home-3346,home,253.33,447
3347,toys-3347,toys,465.62,291
3348,food-3348,food,359.56,289
3349,electronics-3349,electronics,55.39,388
3350,clothing-3350,clothing,465.42,232
3351,books-3351,books,241.38,419
3352,home-3352,home,250.74,133
3353,toys-3353,toys,410.51,443
3354,food-3354,food,44.40,253
3355,electronics-3355,electronics,62.76,230
3356,clothing-3356,clothing,489.75,368
3357,books-3357,books,93.57,358
3358,home-3358,home,398.98,43
3359,toys-3359,toys,58.82,189
3360,food-3360,food,30.53,400
3361,electronics-3361,electronics,59.92,174
3362,clothing-3362,clothing,325.37,305
3363,books-3363,books,267.40,388
3364,home-3364,home,234.79,50
3365,toys-3365,toys,384.85,444
3366,food-3366,food,371.37,32
3367,electronics-3367,electronics,248.85,60
3368,clothing-3368,clothing,313.37,304
3369,books-3369,books,321.02,96
3370,home-3370,home,178.51,415
3371,toys-3371,toys,486.91,128
3372,food-3372,food,214.73,102
3373,electronics-3373,electronics,445.99,57
3374,clothing-3374,clothing,296.84,380
3375,books-3375,books,254.46,175
3376,home-3376,home,212.15,71
3377,toys-3377,toys,30.62,357
3378,food-3378,food,26.56,259
3379,electronics-3379,electronics,436.38,290
3380,clothing-3380,clothing,358.96,332
3381,books-3381,books,103.41,292
3382,home-3382,home,209.18,221
3383,toys-3383,toys,232.26,205
3384,food-3384,food,196.99,137
3385,electronics-3385,electronics,361.16,305
3386,clothing-3386,clothing,86.16,327
3387,books-3387,books,32.02,125
3388,home-3388,home,391.10,107
3389,toys-3389,toys,250.08,228
3390,food-3390,food,411.99,34
3391,electronics-3391,electronics,222.68,26
3392,clothing-3392,clothing,339.15,249
3393,books-3393,books,20.24,408
3394,home-3394,home,488.78,225
3395,toys-3395,toys,191.64,9
3396,food-3396,food,361.58,284
3397,electronics-3397,electronics,451.00,369
3398,clothing-3398,clothing,94.31,399
3399,books-3399,books,88.79,352
3400,home-3400,home,277.83,266
3401,toys-3401,toys,257.25,31
3402,food-3402,food,387.61,48
3403,electronics-3403,electronics,127.32,235
3404,clothing-3404,clothing,391.26,396
3405,books-3405,books,326.35,410
3406,home-3406,home,45.10,292
3407,toys-3407,toys,156.86,140
3408,food-3408,food,376.61,66
3409,electronics-3409,electronics,80.25,453
3410,clothing-3410,clothing,440.03,122
3411,books-3411,books,440.64,80
3412,home-3412,home,283.40,94
3413,toys-3413,toys,33.31,151
3414,food-3414,food,320.67,477
3415,electronics-3415,electronics,45.28,427
3416,clothing-3416,clothing,79.56,245
3417,books-3417,books,359.14,350
3418,home-3418,home,369.31,360
3419,toys-3419,toys,170.41,454
3420,food-3420,food,6.22,466
3421,electronics-3421,electronics,318.63,377
3422,clothing-3422,clothing,453.19,477
3423,books-3423,books,60.83,397
3424,home-3424,home,100.56,16
3425,toys-3425,toys,486.59,402
3426,food-3426,food,407.54,155
3427,electronics-3427,electronics,366.98,54
3428,clothing-3428,clothing,247.56,362
3429,books-3429,books,478.27,348
3430,home-3430,home,72.12,228
3431,toys-3431,toys,129.35,493
3432,food-3432,food,109.59,260
3433,electronics-3433,electronics,282.49,138
3434,clothing-3434,clothing,416.76,222
3435,books-3435,books,197.06,308
3436,home-3436,home,293.11,358
3437,toys-3437,toys,206.23,123
3438,food-3438,food,321.14,23
3439,electronics-3439,electronics,84.99,183
3440,clothing-3440,clothing,75.01,138
3441,books-3441,books,429.23,395
3442,home-3442,home,287.05,312
3443,toys-3443,toys,223.09,450
3444,food-3444,food,132.54,492
3445,electronics-3445,electronics,342.22,266
3446,clothing-3446,clothing,89.60,497
3447,books-3447,books,80.52,23
3448,home-3448,home,41.16,201
3449,toys-3449,toys,341.22,477
3450,food-3450,food,199.90,489
3451,electronics-3451,electronics,390.51,464
3452,clothing-3452,clothing,371.60,228
3453,books-3453,books,205.25,49
3454,home-3454,home,284.47,208
3455,toys-3455,toys,334.32,3
3456,food-3456,food,121.67,445
3457,electronics-3457,electronics,269.37,104
3458,clothing-3458,clothing,191.81,13
3459,books-3459,books,235.76,451
3460,home-3460,home,391.36,218
3461,toys-3461,toys,16.15,5
3462,food-3462,food,489.82,346
3463,electronics-3463,electronics,59.41,484
3464,clothing-3464,clothing,106.64,11
3465,books-3465,books,204.95,159
3466,home-3466,home,94.23,365
3467,toys-3467,toys,443.97,287
3468,food-3468,food,163.50,113
3469,electronics-3469,electronics,484.78,11
3470,clothing-3470,clothing,494.00,350
3471,books-3471,books,46.00,419
3472,home-3472,home,380.27,228
3473,toys-3473,toys,69.25,283
3474,food-3474,food,208.81,340
3475,electronics-3475,electronics,223.93,141
3476,clothing-3476,clothing,293.69,485
3477,books-3477,books,179.42,430
3478,home-3478,home,415.99,347
3479,toys-3479,toys,274.30,498
3480,food-3480,food,286.21,284
3481,electronics-3481,electronics,278.50,54
3482,clothing-3482,clothing,422.11,491
3483,books-3483,books,152.46,165
3484,home-3484,home,262.63,195
3485,toys-3485,toys,296.08,224
3486,food-3486,food,443.40,17
3487,electronics-3487,electronics,458.84,156
3488,clothing-3488,clothing,47.61,366
3489,books-3489,books,466.35,41
3490,home-3490,home,73.59,146
3491,toys-3491,toys,441.51,158
3492,food-3492,food,150.01,247
3493,electronics-3493,electronics,88.19,362
3494,clothing-3494,clothing,487.99,389
3495,books-3495,books,72.17,366
3496,home-3496,home,325.62,120
3497,toys-3497,toys,241.82,243
3498,food-3498,food,165.67,288
3499,electronics-3499,electronics,278.76,344
3500,clothing-3500,clothing,76.81,227
3501,books-3501,books,65.46,401
3502,home-3502,home,160.02,165
3503,toys-3503,toys,443.97,141
3504,food-3504,food,176.73,268
3505,electronics-3505,electronics,146.22,491
3506,clothing-3506,clothing,6.13,31
3507,books-3507,books,365.71,412
3508,home-3508,home,351.87,70
3509,toys-3509,toys,343.54,94
3510,food-3510,food,262.11,472
3511,electronics-3511,electronics,193.69,13
3512,clothing-3512,clothing,104.87,353
3513,books-3513,books,97.22,209
3514,home-3514,home,411.17,444
3515,toys-3515,toys,233.66,335
3516,food-3516,food,322.80,373
3517,electronics-3517,electronics,72.76,445
3518,clothing-3518,clothing,282.08,112
3519,books-3519,books,105.07,491
3520,home-3520,home,336.70,72
3521,toys-3521,toys,109.00,470
3522,food-3522,food,295.31,435
3523,electronics-3523,electronics,346.22,300
3524,clothing-3524,clothing,257.50,98
3525,books-3525,books,85.87,262
3526,home-3526,home,220.49,91
3527,toys-3527,toys,247.83,13
3528,food-3528,food,64.76,67
3529,electronics-3529,electronics,473.13,477
3530,clothing-3530,clothing,294.96,48
3531,books-3531,books,422.84,323
3532,home-3532,home,108.55,346
3533,toys-3533,toys,268.63,10
3534,food-3534,food,235.06,417
3535,electronics-3535,electronics,179.59,421
3536,clothing-3536,clothing,403.71,199
3537,books-3537,books,250.86,310
3538,home-3538,home,108.34,179
3539,toys-3539,toys,440.79,259
3540,food-3540,food,58.17,456
3541,electronics-3541,electronics,485.94,324
3542,clothing-3542,clothing,276.07,34
3543,books-3543,books,89.65,85
3544,home-3544,home,23.50,127
3545,toys-3545,toys,399.76,102
3546,food-3546,food,81.87,270
3547,electronics-3547,electronics,122.73,164
3548,clothing-3548,clothing,483.96,92
3549,books-3549,books,499.62,369
3550,home-3550,home,462.21,309
3551,toys-3551,toys,134.02,286
3552,food-3552,food,330.48,458
3553,electronics-3553,electronics,373.70,357
3554,clothing-3554,clothing,47.91,203
3555,books-3555,books,46.15,352
3556,home-3556,home,423.41,219
3557,toys-3557,toys,288.61,218
3558,food-3558,food,487.21,420
3559,electronics-3559,electronics,374.39,422
3560,clothing-3560,clothing,239.68,440
3561,books-3561,books,57.36,105
3562,home-3562,home,397.68,28
3563,toys-3563,toys,36.84,114
3564,food-3564,food,40.69,68
3565,electronics-3565,electronics,54.39,303
3566,clothing-3566,clothing,16.91,295
3567,books-3567,books,491.56,433
3568,home-3568,home,409.13,306
3569,toys-3569,toys,464.84,403
3570,food-3570,food,357.06,484
3571,electronics-3571,electronics,192.08,115
3572,clothing-3572,clothing,215.75,130
3573,books-3573,books,265.50,449
3574,home-3574,home,310.88,342
3575,toys-3575,toys,176.06,464
3576,food-3576,food,235.14,228
3577,electronics-3577,electronics,100.75,96
3578,clothing-3578,clothing,274.30,152
3579,books-3579,books,420.24,229
3580,home-3580,home,432.00,33
3581,toys-3581,toys,478.36,336
3582,food-3582,food,450.50,430
3583,electronics-3583,electronics,91.70,283
3584,clothing-3584,clothing,76.20,41
3585,books-3585,books,468.69,79
3586,home-3586,home,317.35,214
3587,toys-3587,toys,479.59,493
3588,food-3588,food,147.12,430
3589,electronics-3589,electronics,341.74,361
3590,clothing-3590,clothing,482.31,315
3591,books-3591,books,174.14,48
3592,home-3592,home,255.76,429
3593,toys-3593,toys,238.52,176
3594,food-3594,food,200.00,389
3595,electronics-3595,electronics,287.24,0
3596,clothing-3596,clothing,71.66,229
3597,books-3597,books,407.10,464
3598,home-3598,home,106.31,55
3599,toys-3599,toys,100.09,14
3600,food-3600,food,474.12,441
3601,electronics-3601,electronics,45.48,188
3602,clothing-3602,clothing,320.08,321
3603,books-3603,books,236.17,288
3604,home-3604,home,119.87,1
3605,toys-3605,toys,38.61,316
3606,food-3606,food,259.52,91
3607,electronics-3607,electronics,289.62,325
3608,clothing-3608,clothing,453.74,33
3609,books-3609,books,259.62,317
3610,home-3610,home,349.93,64
3611,toys-3611,toys,14.54,332
3612,food-3612,food,401.18,355
3613,electronics-3613,electronics,376.64,378
3614,clothing-3614,clothing,377.20,456
3615,books-3615,books,416.28,254
3616,home-3616,home,176.29,372
3617,toys-3617,toys,465.75,321
3618,food-3618,food,183.32,204
3619,electronics-3619,electronics,330.32,285
3620,clothing-3620,clothing,58.06,21
3621,books-3621,books,442.02,378
3622,home-3622,home,126.16,284
3623,toys-3623,toys,275.04,409
3624,food-3624,food,276.10,258
3625,electronics-3625,electronics,85.26,235
3626,clothing-3626,clothing,80.74,456
3627,books-3627,books,66.04,200
3628,home-3628,home,377.19,416
3629,toys-3629,toys,321.17,13
3630,food-3630,food,367.79,456
3631,electronics-3631,electronics,58.40,79
3632,clothing-3632,clothing,402.82,441
3633,books-3633,books,105.83,90
3634,home-3634,home,478.37,131
3635,toys-3635,toys,324.79,49
3636,food-3636,food,333.11,246
3637,electronics-3637,electronics,311.76,25
3638,clothing-3638,clothing,236.61,97
3639,books-3639,books,479.33,195
3640,home-3640,home,133.00,361
3641,toys-3641,toys,211.57,356
3642,food-3642,food,346.89,128
3643,electronics-3643,electronics,385.26,349
3644,clothing-3644,clothing,252.95,445
3645,books-3645,books,398.91,187
3646,home-3646,home,265.20,92
3647,toys-3647,toys,72.43,175
3648,food-3648,food,421.21,104
3649,electronics-3649,electronics,351.20,451
3650,clothing-3650,clothing,395.78,386
3651,books-3651,books,359.92,349
3652,home-3652,home,367.86,436
3653,toys-3653,toys,376.83,16
3654,food-3654,food,308.17,225
3655,electronics-3655,electronics,169.44,417
3656,clothing-3656,clothing,70.25,457
3657,books-3657,books,189.49,484
3658,home-3658,home,48.15,228
3659,toys-3659,toys,443.01,235
3660,food-3660,food,268.05,123
3661,electronics-3661,electronics,59.75,124
3662,clothing-3662,clothing,257.21,449
3663,books-3663,books,398.70,157
3664,home-3664,home,166.67,254
3665,toys-3665,toys,385.97,298
3666,food-3666,food,198.81,190
3667,electronics-3667,electronics,6.22,327
3668,clothing-3668,clothing,431.34,117
3669,books-3669,books,479.68,55
3670,home-3670,home,238.16,343
3671,toys-3671,toys,463.60,151
3672,food-3672,food,99.91,350
3673,electronics-3673,electronics,389.29,93
3674,clothing-3674,clothing,56.88,264
3675,books-3675,books,112.72,477
3676,home-3676,home,482.11,389
3677,toys-3677,toys,19.49,100
3678,food-3678,food,423.25,46
3679,electronics-3679,electronics,420.40,383
3680,clothing-3680,clothing,360.19,455
3681,books-3681,books,122.24,5
3682,home-3682,home,394.06,272
3683,toys-3683,toys,274.90,159
3684,food-3684,food,379.34,240
3685,electronics-3685,electronics,49.69,284
3686,clothing-3686,clothing,492.33,452
3687,books-3687,books,126.02,92
3688,home-3688,home,51.77,333
3689,toys-3689,toys,71.06,414
3690,food-3690,food,275.03,277
3691,electronics-3691,electronics,100.91,173
3692,clothing-3692,clothing,440.47,19
3693,books-3693,books,217.44,257
3694,home-3694,home,389.93,133
3695,toys-3695,toys,15.68,455
3696,food-3696,food,264.36,346
3697,electronics-3697,electronics,354.35,378
3698,clothing-3698,clothing,321.77,89
3699,books-3699,books,16.82,243
3700,home-3700,home,257.75,304
3701,toys-3701,toys,298.10,311
3702,food-3702,food,225.41,206
3703,electronics-3703,electronics,404.93,189
3704,clothing-3704,clothing,175.94,388
3705,books-3705,books,67.14,196
3706,home-3706,home,38.52,352
3707,toys-3707,toys,355.45,223
3708,food-3708,food,121.06,348
3709,electronics-3709,electronics,330.31,136
3710,clothing-3710,clothing,6.40,413
3711,books-3711,books,130.12,373
3712,home-3712,home,496.08,17
3713,toys-3713,toys,110.13,24
3714,food-3714,food,237.51,380
3715,electronics-3715,electronics,270.28,90
3716,clothing-3716,clothing,291.99,487
3717,books-3717,books,18.26,278
3718,home-3718,home,224.17,314
3719,toys-3719,toys,419.69,26
3720,food-3720,food,186.72,183
3721,electronics-3721,electronics,433.52,447
3722,clothing-3722,clothing,375.69,390
3723,books-3723,books,66.01,417
3724,home-3724,home,62.91,319
3725,toys-3725,toys,283.42,460
3726,food-3726,food,443.49,367
3727,electronics-3727,electronics,71.54,17
3728,clothing-3728,clothing,235.68,141
3729,books-3729,books,252.35,116
3730,home-3730,home,340.51,322
3731,toys-3731,toys,419.21,409
3732,food-3732,food,79.75,340
3733,electronics-3733,electronics,382.66,229
3734,clothing-3734,clothing,85.20,242
3735,books-3735,books,274.94,142
3736,home-3736,home,191.94,491
3737,toys-3737,toys,12.87,84
3738,food-3738,food,259.76,150
3739,electronics-3739,electronics,362.54,223
3740,clothing-3740,clothing,166.20,195
3741,books-3741,books,302.17,119
3742,home-3742,home,401.09,220
3743,toys-3743,toys,285.91,339
3744,food-3744,food,372.38,292
3745,electronics-3745,electronics,367.34,96
3746,clothing-3746,clothing,50.03,84
3747,books-3747,books,218.10,101
3748,home-3748,home,348.79,27
3749,toys-3749,toys,74.53,67
3750,food-3750,food,297.46,384
3751,electronics-3751,electronics,60.53,379
3752,clothing-3752,clothing,92.87,465
3753,books-3753,books,200.37,56
3754,home-3754,home,216.58,328
3755,toys-3755,toys,343.72,273
3756,food-3756,food,398.13,231
3757,electronics-3757,electronics,318.04,491
3758,clothing-3758,clothing,225.97,314
3759,books-3759,books,499.09,221
3760,home-3760,home,220.30,80
3761,toys-3761,toys,430.02,271
3762,food-3762,food,259.67,441
3763,electronics-3763,electronics,132.99,465
3764,clothing-3764,clothing,423.84,222
3765,books-3765,books,262.82,448
3766,home-3766,home,458.37,466
3767,toys-3767,toys,284.07,105
3768,food-3768,food,246.43,255
3769,electronics-3769,electronics,374.36,483
3770,clothing-3770,clothing,337.43,329
3771,books-3771,books,370.12,312
3772,home-3772,home,13.01,449
3773,toys-3773,toys,292.00,311
3774,food-3774,food,419.16,359
3775,electronics-3775,electronics,357.68,269
3776,clothing-3776,clothing,348.26,227
3777,books-3777,books,57.54,403
3778,home-3778,home,21.87,494
3779,toys-3779,toys,205.11,314
3780,food-3780,food,271.21,176
3781,electronics-3781,electronics,296.40,438
3782,clothing-3782,clothing,397.35,196
3783,books-3783,books,467.05,383
3784,home-3784,home,36.49,391
3785,toys-3785,toys,471.54,246
3786,food-3786,food,360.32,244
3787,electronics-3787,electronics,135.62,403
3788,clothing-3788,clothing,58.88,56
3789,books-3789,books,196.76,64
3790,home-3790,home,253.01,74
3791,toys-3791,toys,295.86,441
3792,food-3792,food,11.08,463
3793,electronics-3793,electronics,355.41,185
3794,clothing-3794,clothing,331.33,416
3795,books-3795,books,340.36,202
3796,home-3796,home,200.71,275
3797,toys-3797,toys,179.45,451
3798,food-3798,food,268.07,386
3799,electronics-3799,electronics,317.27,485
3800,clothing-3800,clothing,312.17,479
3801,books-3801,books,349.94,287
3802,home-3802,home,93.94,302
3803,toys-3803,toys,71.00,355
3804,food-3804,food,346.98,302
3805,electronics-3805,electronics,86.33,457
3806,clothing-3806,clothing,355.01,341
3807,books-3807,books,335.26,128
3808,home-3808,home,272.22,294
3809,toys-3809,toys,88.52,151
3810,food-3810,food,496.57,397
3811,electronics-3811,electronics,265.27,103
3812,clothing-3812,clothing,277.17,111
3813,books-3813,books,335.45,371
3814,home-3814,home,65.60,237
3815,toys-3815,toys,206.42,399
3816,food-3816,food,144.74,402
3817,electronics-3817,electronics,373.19,482
3818,clothing-3818,clothing,124.04,165
3819,books-3819,books,199.94,158
3820,home-3820,home,115.14,125
3821,toys-3821,toys,165.13,336
3822,food-3822,food,18.51,227
3823,electronics-3823,electronics,276.21,212
3824,clothing-3824,clothing,497.90,22
3825,books-3825,books,216.40,199
3826,home-3826,home,332.13,142
3827,toys-3827,toys,279.26,447
3828,food-3828,food,417.90,430
3829,electronics-3829,electronics,46.56,421
3830,clothing-3830,clothing,271.65,263
3831,books-3831,books,436.16,232
3832,home-3832,home,264.53,47
3833,toys-3833,toys,359.77,225
3834,food-3834,food,306.68,84
3835,electronics-3835,electronics,269.83,260
3836,clothing-3836,clothing,332.01,236
3837,books-3837,books,21.00,139
3838,home-3838,home,347.71,156
3839,toys-3839,toys,183.63,306
3840,food-3840,food,26.76,97
3841,electronics-3841,electronics,52.79,33
3842,clothing-3842,clothing,331.31,199
3843,books-3843,books,397.39,333
3844,home-3844,home,35.71,478
3845,toys-3845,toys,235.12,378
3846,food-3846,food,270.38,196
3847,electronics-3847,electronics,238.61,94
3848,clothing-3848,clothing,486.77,285
3849,books-3849,books,333.80,93
3850,home-3850,home,119.44,346
3851,toys-3851,toys,477.58,275
3852,food-3852,food,129.55,463
3853,electronics-3853,electronics,72.25,466
3854,clothing-3854,clothing,83.13,35
3855,books-3855,books,353.97,427
3856,home-3856,home,391.44,108
3857,toys-3857,toys,412.82,26
3858,food-3858,food,424.89,138
3859,electronics-3859,electronics,378.20,248
3860,clothing-3860,clothing,428.07,404
3861,books-3861,books,17.35,325
3862,home-3862,home,206.93,109
3863,toys-3863,toys,458.79,500
3864,food-3864,food,37.69,255
3865,electronics-3865,electronics,306.76,187
3866,clothing-3866,clothing,57.96,236
3867,books-3867,books,490.98,448
3868,home-3868,home,408.60,457
3869,toys-3869,toys,284.82,395
3870,food-3870,food,380.73,433
3871,electronics-3871,electronics,479.02,344
3872,clothing-3872,clothing,249.34,140
3873,books-3873,books,220.95,133
3874,home-3874,home,287.42,277
3875,toys-3875,toys,87.54,146
3876,food-3876,food,228.29,452
3877,electronics-3877,electronics,277.92,128
3878,clothing-3878,clothing,285.28,226
3879,books-3879,books,312.96,64
3880,home-3880,home,55.97,311
3881,toys-3881,toys,298.87,210
3882,food-3882,food,25.94,392
3883,electronics-3883,electronics,484.88,417
3884,clothing-3884,clothing,149.10,440
3885,books-3885,books,280.32,234
3886,home-3886,home,245.81,380
3887,toys-3887,toys,245.42,243
3888,food-3888,food,478.27,32
3889,electronics-3889,electronics,372.72,204
3890,clothing-3890,clothing,36.05,32
3891,books-3891,books,380.88,100
3892,home-3892,home,249.80,105
3893,toys-3893,toys,239.87,302
3894,food-3894,food,345.01,225
3895,electronics-3895,electronics,400.90,202
3896,clothing-3896,clothing,258.08,487
3897,books-3897,books,273.98,249
3898,home-3898,home,302.72,68
3899,toys-3899,toys,369.87,140
3900,food-3900,food,201.67,56
3901,electronics-3901,electronics,308.21,232
3902,clothing-3902,clothing,440.27,53
3903,books-3903,books,430.49,48
3904,home-3904,home,22.01,497
3905,toys-3905,toys,392.59,73
3906,food-3906,food,353.66,447
3907,electronics-3907,electronics,367.08,353
3908,clothing-3908,clothing,115.74,19
3909,books-3909,books,192.65,68
3910,home-3910,home,468.99,278
3911,toys-3911,toys,331.67,405
3912,food-3912,food,375.60,145
3913,electronics-3913,electronics,251.27,407
3914,clothing-3914,clothing,267.53,261
3915,books-3915,books,312.07,86
3916,home-3916,home,459.94,142
3917,toys-3917,toys,139.53,24
3918,food-3918,food,311.40,218
3919,electronics-3919,electronics,236.44,472
3920,clothing-3920,clothing,418.84,243
3921,books-3921,books,29.18,390
3922,home-3922,home,275.19,103
3923,toys-3923,toys,345.45,237
3924,food-3924,food,269.01,206
3925,electronics-3925,electronics,387.63,164
3926,clothing-3926,clothing,44.45,308
3927,books-3927,books,335.63,126
3928,home-3928,home,372.53,347
3929,toys-3929,toys,449.23,116
3930,food-3930,food,351.04,179
3931,electronics-3931,electronics,450.65,385
3932,clothing-3932,clothing,86.41,183
3933,books-3933,books,24.23,32
3934,home-3934,home,168.92,296
3935,toys-3935,toys,59.03,500
3936,food-3936,food,236.55,404
3937,electronics-3937,electronics,405.72,360
3938,clothing-3938,clothing,261.27,494
3939,books-3939,books,324.65,158
3940,home-3940,home,220.11,140
3941,toys-3941,toys,37.50,443
3942,food-3942,food,7.17,355
3943,electronics-3943,electronics,315.96,100
3944,clothing-3944,clothing,456.80,80
3945,books-3945,books,248.16,201
3946,home-3946,home,321.71,301
3947,toys-3947,toys,314.24,129
3948,food-3948,food,282.32,172
3949,electronics-3949,electronics,40.65,385
3950,clothing-3950,clothing,287.07,57
3951,books-3951,books,53.73,32
3952,home-3952,home,140.36,480
3953,toys-3953,toys,295.96,77
3954,food-3954,food,267.46,220
3955,electronics-3955,electronics,216.78,271
3956,clothing-3956,clothing,205.13,240
3957,books-3957,books,251.11,28
3958,home-3958,home,73.52,276
3959,toys-3959,toys,138.57,124
3960,food-3960,food,410.40,459
3961,electronics-3961,electronics,134.30,89
3962,clothing-3962,clothing,348.45,320
3963,books-3963,books,165.73,385
3964,home-3964,home,152.56,312
3965,toys-3965,toys,36.63,369
3966,food-3966,food,276.69,424
3967,electronics-3967,electronics,132.54,33
3968,clothing-3968,clothing,320.30,10
3969,books-3969,books,16.76,68
3970,home-3970,home,470.87,239
3971,toys-3971,toys,482.86,451
3972,food-3972,food,85.87,298
3973,electronics-3973,electronics,368.25,134
3974,clothing-3974,clothing,178.90,314
3975,books-3975,books,313.89,124
3976,home-3976,home,28.69,472
3977,toys-3977,toys,346.59,437
3978,food-3978,food,299.30,350
3979,electronics-3979,electronics,110.98,180
3980,clothing-3980,clothing,20.13,164
3981,books-3981,books,420.96,73
3982,home-3982,home,212.73,8
3983,toys-3983,toys,256.04,462
3984,food-3984,food,282.15,226
3985,electronics-3985,electronics,136.03,305
3986,clothing-3986,clothing,210.09,92
3987,books-3987,books,166.44,147
3988,home-3988,home,130.91,462
3989,toys-3989,toys,96.38,241
3990,food-3990,food,443.46,0
3991,electronics-3991,electronics,208.76,190
3992,clothing-3992,clothing,247.66,423
3993,books-3993,books,398.50,88
3994,home-3994,home,209.46,386
3995,toys-3995,toys,24.44,337
3996,food-3996,food,130.96,370
3997,electronics-3997,electronics,470.66,169
3998,clothing-3998,clothing,221.63,231
3999,books-3999,books,332.87,425
4000,home-4000,home,235.05,396
4001,toys-4001,toys,211.06,46
4002,food-4002,food,233.47,248
4003,electronics-4003,electronics,133.03,361
4004,clothing-4004,clothing,200.31,422
4005,books-4005,books,202.87,195
4006,home-4006,home,277.04,182
4007,toys-4007,toys,28.17,195
4008,food-4008,food,319.55,219
4009,electronics-4009,electronics,293.82,421
4010,clothing-4010,clothing,158.85,205
4011,books-4011,books,441.34,217
4012,home-4012,home,273.44,255
4013,toys-4013,toys,347.54,180
4014,food-4014,food,363.23,280
4015,electronics-4015,electronics,450.70,313
4016,clothing-4016,clothing,393.49,416
4017,books-4017,books,355.31,42
4018,home-4018,home,99.18,86
4019,toys-4019,toys,218.81,433
4020,food-4020,food,207.84,496
4021,electronics-4021,electronics,146.85,209
4022,clothing-4022,clothing,375.48,218
4023,books-4023,books,366.80,219
4024,home-4024,home,468.85,403
4025,toys-4025,toys,78.11,201
4026,food-4026,food,329.88,457
4027,electronics-4027,electronics,474.87,498
4028,clothing-4028,clothing,483.22,489
4029,books-4029,books,34.75,10
4030,home-4030,home,481.79,211
4031,toys-4031,toys,176.08,79
4032,food-4032,food,256.10,336
4033,electronics-4033,electronics,363.04,468
4034,clothing-4034,clothing,80.07,181
4035,books-4035,books,452.27,84
4036,home-4036,home,13.08,141
4037,toys-4037,toys,344.60,188
4038,food-4038,food,499.14,111
4039,electronics-4039,electronics,359.29,439
4040,clothing-4040,clothing,250.88,415
4041,books-4041,books,135.80,472
4042,home-4042,home,337.22,342
4043,toys-4043,toys,302.06,281
4044,food-4044,food,213.12,383
4045,electronics-4045,electronics,69.60,227
4046,clothing-4046,clothing,9.54,222
4047,books-4047,books,475.87,422
4048,home-4048,home,255.27,33
4049,toys-4049,toys,455.34,409
4050,food-4050,food,312.97,62
4051,electronics-4051,electronics,216.61,322
4052,clothing-4052,clothing,316.99,258
4053,books-4053,books,431.04,372
4054,home-4054,home,169.26,325
4055,toys-4055,toys,203.12,361
4056,food-4056,food,234.04,499
4057,electronics-4057,electronics,276.84,489
4058,clothing-4058,clothing,467.50,412
4059,books-4059,books,102.52,59
4060,home-4060,home,275.35,240
4061,toys-4061,toys,426.63,127
4062,food-4062,food,13.95,18
4063,electronics-4063,electronics,391.20,199
4064,clothing-4064,clothing,467.80,47
4065,books-4065,books,318.04,392
4066,home-4066,home,283.30,236
4067,toys-4067,toys,379.89,188
4068,food-4068,food,201.19,72
4069,electronics-4069,electronics,290.97,323
4070,clothing-4070,clothing,217.90,394
4071,books-4071,books,297.58,358
4072,home-4072,home,432.32,108
4073,toys-4073,toys,470.94,135
4074,food-4074,food,243.06,301
4075,electronics-4075,electronics,173.21,97
4076,clothing-4076,clothing,308.78,453
4077,books-4077,books,47.77,393
4078,home-4078,home,174.88,80
4079,toys-4079,toys,429.06,410
4080,food-4080,food,297.71,217
4081,electronics-4081,electronics,389.45,71
4082,clothing-4082,clothing,124.95,423
4083,books-4083,books,233.82,77
4084,home-4084,home,217.66,150
4085,toys-4085,toys,371.26,143
4086,food-4086,food,159.15,261
4087,electronics-4087,electronics,229.72,142
4088,clothing-4088,clothing,483.57,241
4089,books-4089,books,172.81,494
4090,home-4090,home,267.10,284
4091,toys-4091,toys,153.24,446
4092,food-4092,food,258.18,368
4093,electronics-4093,electronics,466.69,277
4094,clothing-4094,clothing,258.93,136
4095,books-4095,books,165.93,91
4096,home-4096,home,134.30,107
4097,toys-4097,toys,81.87,121
4098,food-4098,food,222.67,388
4099,electronics-4099,electronics,262.06,481
4100,clothing-4100,clothing,6.17,327
4101,books-4101,books,432.86,498
4102,home-4102,home,457.38,346
4103,toys-4103,toys,297.12,54
4104,food-4104,food,57.73,314
4105,electronics-4105,electronics,22.90,242
4106,clothing-4106,clothing,37.26,471
4107,books-4107,books,472.40,234
4108,home-4108,home,450.45,200
4109,toys-4109,toys,450.67,420
4110,food-4110,food,363.48,9
4111,electronics-4111,electronics,229.12,155
4112,clothing-4112,clothing,295.99,7
4113,books-4113,books,338.36,114
4114,home-4114,home,486.68,94
4115,toys-4115,toys,273.05,62
4116,food-4116,food,380.27,348
4117,electronics-4117,electronics,324.60,172
4118,clothing-4118,clothing,122.69,439
4119,books-4119,books,218.21,218
4120,home-4120,home,265.92,362
4121,toys-4121,toys,330.47,46
4122,food-4122,food,187.50,309
4123,electronics-4123,electronics,67.78,430
4124,clothing-4124,clothing,172.50,3
4125,books-4125,books,478.41,188
4126,home-4126,home,280.40,298
4127,toys-4127,toys,394.90,101
4128,food-4128,food,24.98,222
4129,electronics-4129,electronics,233.92,1
4130,clothing-4130,clothing,46.71,332
4131,books-4131,books,134.57,457
4132,home-4132,home,43.38,26
4133,toys-4133,toys,233.57,232
4134,food-4134,food,38.05,181
4135,electronics-4135,electronics,84.71,202
4136,clothing-4136,clothing,146.18,301
4137,books-4137,books,418.32,3
4138,home-4138,home,48.70,492
4139,toys-4139,toys,493.66,214
4140,food-4140,food,52.47,164
4141,electronics-4141,electronics,31.24,378
4142,clothing-4142,clothing,288.22,146
4143,books-4143,books,91.04,316
4144,home-4144,home,366.98,165
4145,toys-4145,toys,27.09,477
4146,food-4146,food,80.07,238
4147,electronics-4147,electronics,457.61,315
4148,clothing-4148,clothing,372.28,129
4149,books-4149,books,90.33,148
4150,home-4150,home,247.49,115
4151,toys-4151,toys,252.87,172
4152,food-4152,food,449.28,5
4153,electronics-4153,electronics,240.02,89
4154,clothing-4154,clothing,474.74,46
4155,books-4155,books,192.49,173
4156,home-4156,home,59.89,245
4157,toys-4157,toys,328.23,225
4158,food-4158,food,11.41,5
4159,electronics-4159,electronics,349.12,420
4160,clothing-4160,clothing,76.71,382
4161,books-4161,books,444.85,1
4162,home-4162,home,474.01,41
4163,toys-4163,toys,208.30,497
4164,food-4164,food,140.97,166
4165,electronics-4165,electronics,449.63,57
4166,clothing-4166,clothing,415.87,390
4167,books-4167,books,27.96,466
4168,home-4168,home,329.09,264
4169,toys-4169,toys,104.87,282
4170,food-4170,food,205.91,206
4171,electronics-4171,electronics,90.00,347
4172,clothing-4172,clothing,330.39,418
4173,books-4173,books,8.19,109
4174,home-4174,home,88.34,66
4175,toys-4175,toys,244.37,119
4176,food-4176,food,475.41,260
4177,electronics-4177,electronics,418.03,148
4178,clothing-4178,clothing,465.03,211
4179,books-4179,books,326.57,255
4180,home-4180,home,411.11,210
4181,toys-4181,toys,47.18,138
4182,food-4182,food,47.91,112
4183,electronics-4183,electronics,37.01,80
4184,clothing-4184,clothing,85.68,257
4185,books-4185,books,356.26,399
4186,home-4186,home,256.66,372
4187,toys-4187,toys,385.28,65
4188,food-4188,food,169.68,150
4189,electronics-4189,electronics,41.11,367
4190,clothing-4190,clothing,237.87,295
4191,books-4191,books,441.26,394
4192,home-4192,home,449.04,95
4193,toys-4193,toys,229.97,185
4194,food-4194,food,71.76,0
4195,electronics-4195,electronics,475.10,481
4196,clothing-4196,clothing,414.52,370
4197,books-4197,books,423.49,420
4198,home-4198,home,217.30,75
4199,toys-4199,toys,27.16,272
4200,food-4200,food,281.18,278
4201,electronics-4201,electronics,167.85,486
4202,clothing-4202,clothing,157.85,53
4203,books-4203,books,349.61,104
4204,home-4204,home,138.13,223
4205,toys-4205,toys,83.83,373
4206,food-4206,food,309.51,144
4207,electronics-4207,electronics,134.32,124
4208,clothing-4208,clothing,138.98,50
4209,books-4209,books,184.61,179
4210,home-4210,home,251.05,328
4211,toys-4211,toys,313.76,422
4212,food-4212,food,261.31,0
4213,electronics-4213,electronics,158.32,500
4214,clothing-4214,clothing,442.35,384
4215,books-4215,books,291.82,494
4216,home-4216,home,179.85,149
4217,toys-4217,toys,181.31,376
4218,food-4218,food,107.72,41
4219,electronics-4219,electronics,165.38,62
4220,clothing-4220,clothing,178.09,129
4221,books-4221,books,11.72,90
4222,home-4222,home,313.13,298
4223,toys-4223,toys,439.14,492
4224,food-4224,food,312.88,339
4225,electronics-4225,electronics,155.62,395
4226,clothing-4226,clothing,80.45,203
4227,books-4227,books,112.72,217
4228,home-4228,home,489.04,89
4229,toys-4229,toys,27.88,347
4230,food-4230,food,320.57,302
4231,electronics-4231,electronics,167.99,454
4232,clothing-4232,clothing,328.32,19
4233,books-4233,books,165.04,246
4234,home-4234,home,301.09,147
4235,toys-4235,toys,147.16,462
4236,food-4236,food,258.81,409
4237,electronics-4237,electronics,230.56,100
4238,clothing-4238,clothing,239.00,132
4239,books-4239,books,144.74,376
4240,home-4240,home,252.83,98
4241,toys-4241,toys,272.98,263
4242,food-4242,food,175.68,313
4243,electronics-4243,electronics,103.33,229
4244,clothing-4244,clothing,124.00,484
4245,books-4245,books,237.61,179
4246,home-4246,home,466.20,92
4247,toys-4247,toys,45.70,158
4248,food-4248,food,5.47,105
4249,electronics-4249,electronics,114.92,189
4250,clothing-4250,clothing,271.61,58
4251,books-4251,books,129.23,262
4252,home-4252,home,372.67,94
4253,toys-4253,toys,308.85,360
4254,food-4254,food,187.63,453
4255,electronics-4255,electronics,470.27,293
4256,clothing-4256,clothing,209.73,174
4257,books-4257,books,429.15,289
4258,home-4258,home,140.64,11
4259,toys-4259,toys,43.41,422
4260,food-4260,food,183.98,283
4261,electronics-4261,electronics,212.58,258
4262,clothing-4262,clothing,355.72,216
4263,books-4263,books,36.17,470
4264,home-4264,home,120.36,230
4265,toys-4265,toys,81.28,406
4266,food-4266,food,407.03,89
4267,electronics-4267,electronics,347.65,66
4268,clothing-4268,clothing,379.56,25
4269,books-4269,books,406.63,364
4270,home-4270,home,470.88,99
4271,toys-4271,toys,107.99,289
4272,food-4272,food,254.86,54
4273,electronics-4273,electronics,429.35,215
4274,clothing-4274,clothing,69.24,30
4275,books-4275,books,331.19,32
4276,home-4276,home,330.76,444
4277,toys-4277,toys,216.58,128
4278,food-4278,food,219.45,136
4279,electronics-4279,electronics,281.93,198
4280,clothing-4280,clothing,315.02,25
4281,books-4281,books,280.66,124
4282,home-4282,home,460.90,205
4283,toys-4283,toys,153.99,411
4284,food-4284,food,203.34,225
4285,electronics-4285,electronics,224.34,48
4286,clothing-4286,clothing,329.27,375
4287,books-4287,books,374.51,482
4288,home-4288,home,244.22,394
4289,toys-4289,toys,388.52,161
4290,food-4290,food,31.71,294
4291,electronics-4291,electronics,37.43,437
4292,clothing-4292,clothing,171.69,402
4293,books-4293,books,476.24,258
4294,home-4294,home,196.64,5
4295,toys-4295,toys,471.58,351
4296,food-4296,food,82.52,325
4297,electronics-4297,electronics,77.10,282
4298,clothing-4298,clothing,477.96,205
4299,books-4299,books,287.95,468
4300,home-4300,home,76.07,251
4301,toys-4301,toys,101.96,31
4302,food-4302,food,441.04,346
4303,electronics-4303,electronics,36.97,8
4304,clothing-4304,clothing,487.57,475
4305,books-4305,books,343.46,309
4306,home-4306,home,428.96,152
4307,toys-4307,toys,358.73,169
4308,food-4308,food,136.89,495
4309,electronics-4309,electronics,358.83,409
4310,clothing-4310,clothing,373.32,181
4311,books-4311,books,158.36,432
4312,home-4312,home,421.31,347
4313,toys-4313,toys,147.96,351
4314,food-4314,food,168.26,36
4315,electronics-4315,electronics,95.87,334
4316,clothing-4316,clothing,178.23,76
4317,books-4317,books,446.06,231
4318,home-4318,home,381.34,297
4319,toys-4319,toys,97.11,36
4320,food-4320,food,43.32,3
4321,electronics-4321,electronics,269.59,499
4322,clothing-4322,clothing,189.62,459
4323,books-4323,books,40.98,27
4324,home-4324,home,163.70,431
4325,toys-4325,toys,95.54,88
4326,food-4326,food,438.02,100
4327,electronics-4327,electronics,95.94,426
4328,clothing-4328,clothing,214.95,33
4329,books-4329,books,341.86,64
4330,home-4330,home,235.42,239
4331,toys-4331,toys,33.48,272
4332,food-4332,food,222.89,306
4333,electronics-4333,electronics,297.01,189
4334,clothing-4334,clothing,239.15,212
4335,books-4335,books,90.10,101
4336,home-4336,home,158.34,126
4337,toys-4337,toys,268.12,185
4338,food-4338,food,156.35,108
4339,electronics-4339,electronics,9.06,64
4340,clothing-4340,clothing,281.06,298
4341,books-4341,books,331.33,25
4342,home-4342,home,165.41,290
4343,toys-4343,toys,299.15,92
4344,food-4344,food,34.07,414
4345,electronics-4345,electronics,434.36,345
4346,clothing-4346,clothing,45.02,359
4347,books-4347,books,484.44,403
4348,home-4348,home,383.54,432
4349,toys-4349,toys,423.51,46
4350,food-4350,food,222.91,202
4351,electronics-4351,electronics,102.53,119
4352,clothing-4352,clothing,316.49,327
4353,books-4353,books,273.97,390
4354,home-4354,home,210.11,435
4355,toys-4355,toys,440.62,347
4356,food-4356,food,76.65,286
4357,electronics-4357,electronics,193.70,384
4358,clothing-4358,clothing,64.33,423
4359,books-4359,books,467.81,268
4360,home-4360,home,34.00,340
4361,toys-4361,toys,301.08,242
4362,food-4362,food,420.19,317
4363,electronics-4363,electronics,433.93,400
4364,clothing-4364,clothing,497.95,487
4365,books-4365,books,220.08,52
4366,home-4366,home,441.37,405
4367,toys-4367,toys,360.14,45
4368,food-4368,food,23.66,51
4369,electronics-4369,electronics,245.25,2
4370,clothing-4370,clothing,242.17,490
4371,books-4371,books,372.14,475
4372,home-4372,home,283.99,324
4373,toys-4373,toys,275.18,458
4374,food-4374,food,438.90,254
4375,electronics-4375,electronics,268.23,313
4376,clothing-4376,clothing,454.59,225
4377,books-4377,books,141.34,287
4378,home-4378,home,469.38,444
4379,toys-4379,toys,38.03,86
4380,food-4380,food,219.17,149
4381,electronics-4381,electronics,46.42,422
4382,clothing-4382,clothing,289.63,339
4383,books-4383,books,340.59,131
4384,home-4384,home,492.54,357
4385,toys-4385,toys,306.61,124
4386,food-4386,food,498.40,174
4387,electronics-4387,electronics,419.96,177
4388,clothing-4388,clothing,17.46,97
4389,books-4389,books,464.00,27
4390,home-4390,home,250.61,402
4391,toys-4391,toys,318.85,51
4392,food-4392,food,429.17,439
4393,electronics-4393,electronics,475.60,273
4394,clothing-4394,clothing,308.11,118
4395,books-4395,books,112.33,475
4396,home-4396,home,332.35,64
4397,toys-4397,toys,476.88,363
4398,food-4398,food,470.54,297
4399,electronics-4399,electronics,403.77,370
4400,clothing-4400,clothing,268.64,418
4401,books-4401,books,476.95,360
4402,home-4402,home,429.27,22
4403,toys-4403,toys,234.77,150
4404,food-4404,food,147.17,432
4405,electronics-4405,electronics,274.14,224
4406,clothing-4406,clothing,144.62,345
4407,books-4407,books,313.97,327
4408,home-4408,home,355.32,394
4409,toys-4409,toys,126.25,148
4410,food-4410,food,269.25,233
4411,electronics-4411,electronics,154.23,329
4412,clothing-4412,clothing,488.30,157
4413,books-4413,books,178.89,194
4414,home-4414,home,287.59,24
4415,toys-4415,toys,105.57,431
4416,food-4416,food,349.73,201
4417,electronics-4417,electronics,287.47,19
4418,clothing-4418,clothing,93.66,151
4419,books-4419,books,127.23,204
4420,home-4420,home,222.94,322
4421,toys-4421,toys,473.38,286
4422,food-4422,food,425.92,410
4423,electronics-4423,electronics,160.20,357
4424,clothing-4424,clothing,338.86,166
4425,books-4425,books,361.87,161
4426,home-4426,home,27.36,81
4427,toys-4427,toys,462.35,105
4428,food-4428,food,13.96,487
4429,electronics-4429,electronics,497.15,39
4430,clothing-4430,clothing,177.10,455
4431,books-4431,books,13.86,61
4432,home-4432,home,77.26,93
4433,toys-4433,toys,294.61,102
4434,food-4434,food,37.64,461
4435,electronics-4435,electronics,216.79,10
4436,clothing-4436,clothing,445.01,416
4437,books-4437,books,236.26,344
4438,home-4438,home,121.89,233
4439,toys-4439,toys,360.56,272
4440,food-4440,food,38.18,390
4441,electronics-4441,electronics,327.52,176
4442,clothing-4442,clothing,42.62,49
4443,books-4443,books,185.08,81
4444,home-4444,home,427.06,287
4445,toys-4445,toys,346.29,103
4446,food-4446,food,203.20,371
4447,electronics-4447,electronics,414.12,73
4448,clothing-4448,clothing,301.30,344
4449,books-4449,books,448.57,429
4450,home-4450,home,223.06,434
4451,toys-4451,toys,405.78,84
4452,food-4452,food,55.89,13
4453,electronics-4453,electronics,27.33,323
4454,clothing-4454,clothing,78.34,475
4455,books-4455,books,14.78,235
4456,home-4456,home,408.26,442
4457,toys-4457,toys,475.78,101
4458,food-4458,food,180.87,401
4459,electronics-4459,electronics,177.81,168
4460,clothing-4460,clothing,137.21,484
4461,books-4461,books,221.39,158
4462,home-4462,home,209.78,491
4463,toys-4463,toys,17.46,296
4464,food-4464,food,74.24,185
4465,electronics-4465,electronics,65.76,261
4466,clothing-4466,clothing,72.73,154
4467,books-4467,books,116.67,479
4468,home-4468,home,170.20,393
4469,toys-4469,toys,249.62,478
4470,food-4470,food,460.33,55
4471,electronics-4471,electronics,392.85,287
4472,clothing-4472,clothing,14.50,83
4473,books-4473,books,120.02,471
4474,home-4474,home,439.41,172
4475,toys-4475,toys,490.38,44
4476,food-4476,food,481.53,488
4477,electronics-4477,electronics,112.62,43
4478,clothing-4478,clothing,170.92,147
4479,books-4479,books,262.80,280
4480,home-4480,home,343.32,33
4481,toys-4481,toys,270.07,240
4482,food-4482,food,135.39,457
4483,electronics-4483,electronics,386.23,34
4484,clothing-4484,clothing,398.62,117
4485,books-4485,books,423.78,470
4486,home-4486,home,149.05,347
4487,toys-4487,toys,308.58,137
4488,food-4488,food,489.09,159
4489,electronics-4489,electronics,69.34,366
4490,clothing-4490,clothing,232.22,422
4491,books-4491,books,301.36,441
4492,home-4492,home,400.95,401
4493,toys-4493,toys,432.47,369
4494,food-4494,food,192.29,390
4495,electronics-4495,electronics,406.12,416
4496,clothing-4496,clothing,61.50,101
4497,books-4497,books,185.33,67
4498,home-4498,home,448.25,70
4499,toys-4499,toys,103.30,226
4500,food-4500,food,231.81,185
4501,electronics-4501,electronics,478.16,14
4502,clothing-4502,clothing,260.33,98
4503,books-4503,books,448.49,164
4504,home-4504,home,111.41,497
4505,toys-4505,toys,56.93,396
4506,food-4506,food,177.15,350
4507,electronics-4507,electronics,321.81,403
4508,clothing-4508,clothing,410.60,302
4509,books-4509,books,404.92,426
4510,home-4510,home,39.75,106
4511,toys-4511,toys,290.27,175
4512,food-4512,food,363.71,240
4513,electronics-4513,electronics,233.26,227
4514,clothing-4514,clothing,462.49,463
4515,books-4515,books,426.96,165
4516,home-4516,home,216.69,327
4517,toys-4517,toys,183.22,41
4518,food-4518,food,192.97,29
4519,electronics-4519,electronics,293.19,20
4520,clothing-4520,clothing,84.35,13
4521,books-4521,books,181.13,478
4522,home-4522,home,105.95,141
4523,toys-4523,toys,426.06,318
4524,food-4524,food,312.86,64
4525,electronics-4525,electronics,275.43,226
4526,clothing-4526,clothing,398.65,28
4527,books-4527,books,474.59,458
4528,home-4528,home,186.74,105
4529,toys-4529,toys,72.17,295
4530,food-4530,food,33.47,252
4531,electronics-4531,electronics,266.03,97
4532,clothing-4532,clothing,160.09,293
4533,books-4533,books,463.99,363
4534,home-4534,home,265.61,39
4535,toys-4535,toys,60.66,308
4536,food-4536,food,376.49,413
4537,electronics-4537,electronics,53.71,173
4538,clothing-4538,clothing,129.02,132
4539,books-4539,books,403.71,117
4540,home-4540,home,268.86,458
4541,toys-4541,toys,337.94,228
4542,food-4542,food,108.47,57
4543,electronics-4543,electronics,461.84,3
4544,clothing-4544,clothing,186.62,467
4545,books-4545,books,479.46,45
4546,home-4546,home,239.70,260
4547,toys-4547,toys,476.12,164
4548,food-4548,food,31.59,337
4549,electronics-4549,electronics,494.14,311
4550,clothing-4550,clothing,144.26,64
4551,books-4551,books,349.82,225
4552,home-4552,home,86.94,279
4553,toys-4553,toys,342.40,246
4554,food-4554,food,165.30,346
4555,electronics-4555,electronics,221.72,48
4556,clothing-4556,clothing,175.19,337
4557,books-4557,books,340.22,486
4558,home-4558,home,307.94,151
4559,toys-4559,toys,150.14,402
4560,food-4560,food,494.68,449
4561,electronics-4561,electronics,475.73,251
4562,clothing-4562,clothing,100.58,248
4563,books-4563,books,126.95,29
4564,home-4564,home,301.38,342
4565,toys-4565,toys,181.21,52
4566,food-4566,food,190.55,436
4567,electronics-4567,electronics,176.35,73
4568,clothing-4568,clothing,237.21,166
4569,books-4569,books,375.26,274
4570,home-4570,home,402.06,238
4571,toys-4571,toys,216.78,163
4572,food-4572,food,482.79,202
4573,electronics-4573,electronics,439.16,351
4574,clothing-4574,clothing,182.22,325
4575,books-4575,books,388.22,324
4576,home-4576,home,176.00,203
4577,toys-4577,toys,16.25,4
4578,food-4578,food,387.63,290
4579,electronics-4579,electronics,467.92,50
4580,clothing-4580,clothing,413.51,454
4581,books-4581,books,214.38,49
4582,home-4582,home,312.90,181
4583,toys-4583,toys,8.43,324
4584,food-4584,food,78.01,33
4585,electronics-4585,electronics,243.80,273
4586,clothing-4586,clothing,16.20,154
4587,books-4587,books,206.84,447
4588,home-4588,home,477.55,26
4589,toys-4589,toys,132.11,77
4590,food-4590,food,245.85,17
4591,electronics-4591,electronics,171.78,130
4592,clothing-4592,clothing,83.39,119
4593,books-4593,books,406.58,163
4594,home-4594,home,38.56,118
4595,toys-4595,toys,251.01,214
4596,food-4596,food,72.99,96
4597,electronics-4597,electronics,289.07,21
4598,clothing-4598,clothing,355.28,101
4599,books-4599,books,291.95,383
4600,home-4600,home,21.79,39
4601,toys-4601,toys,13.56,179
4602,food-4602,food,256.05,228
4603,electronics-4603,electronics,143.07,216
4604,clothing-4604,clothing,43.07,466
4605,books-4605,books,42.48,96
4606,home-4606,home,390.72,31
4607,toys-4607,toys,308.12,260
4608,food-4608,food,269.50,494
4609,electronics-4609,electronics,246.03,294
4610,clothing-4610,clothing,468.64,92
4611,books-4611,books,314.39,80
4612,home-4612,home,388.66,473
4613,toys-4613,toys,16.01,362
4614,food-4614,food,267.73,54
4615,electronics-4615,electronics,410.15,54
4616,clothing-4616,clothing,145.55,111
4617,books-4617,books,250.77,213
4618,home-4618,home,438.42,491
4619,toys-4619,toys,304.52,192
4620,food-4620,food,183.21,52
4621,electronics-4621,electronics,399.44,113
4622,clothing-4622,clothing,405.78,170
4623,books-4623,books,282.59,19
4624,home-4624,home,81.71,237
4625,toys-4625,toys,253.83,177
4626,food-4626,food,30.14,49
4627,electronics-4627,electronics,302.59,181
4628,clothing-4628,clothing,33.65,275
4629,books-4629,books,451.57,161
4630,home-4630,home,308.97,226
4631,toys-4631,toys,425.81,450
4632,food-4632,food,185.93,151
4633,electronics-4633,electronics,401.64,107
4634,clothing-4634,clothing,421.28,430
4635,books-4635,books,264.11,175
4636,home-4636,home,143.58,123
4637,toys-4637,toys,150.23,222
4638,food-4638,food,330.18,238
4639,electronics-4639,electronics,141.09,29
4640,clothing-4640,clothing,42.02,203
4641,books-4641,books,396.65,50
4642,home-4642,home,182.68,415
4643,toys-4643,toys,118.64,409
4644,food-4644,food,91.86,471
4645,electronics-4645,electronics,278.20,82
4646,clothing-4646,clothing,189.16,320
4647,books-4647,books,13.68,125
4648,home-4648,home,440.94,258
4649,toys-4649,toys,263.10,349
4650,food-4650,food,477.09,425
4651,electronics-4651,electronics,271.52,149
4652,clothing-4652,clothing,88.96,483
4653,books-4653,books,276.82,160
4654,home-4654,home,465.37,292
4655,toys-4655,toys,352.90,1
4656,food-4656,food,82.46,43
4657,electronics-4657,electronics,439.24,167
4658,clothing-4658,clothing,80.93,299
4659,books-4659,books,258.05,357
4660,home-4660,home,475.36,496
4661,toys-4661,toys,317.01,259
4662,food-4662,food,76.09,451
4663,electronics-4663,electronics,247.98,104
4664,clothing-4664,clothing,468.50,361
4665,books-4665,books,151.32,76
4666,home-4666,home,246.68,182
4667,toys-4667,toys,356.78,464
4668,food-4668,food,462.98,470
4669,electronics-4669,electronics,248.26,140
4670,clothing-4670,clothing,65.27,373
4671,books-4671,books,360.76,268
4672,home-4672,home,325.66,18
4673,toys-4673,toys,491.60,299
4674,food-4674,food,194.28,261
4675,electronics-4675,electronics,116.19,344
4676,clothing-4676,clothing,212.15,363
4677,books-4677,books,195.53,160
4678,home-4678,home,367.58,281
4679,toys-4679,toys,95.81,242
4680,food-4680,food,241.97,487
4681,electronics-4681,electronics,269.27,342
4682,clothing-4682,clothing,371.94,316
4683,books-4683,books,291.41,228
4684,home-4684,home,98.67,469
4685,toys-4685,toys,456.09,343
4686,food-4686,food,431.73,358
4687,electronics-4687,electronics,371.29,5
4688,clothing-4688,clothing,47.69,464
4689,books-4689,books,373.56,311
4690,home-4690,home,225.09,440
4691,toys-4691,toys,294.57,149
4692,food-4692,food,350.01,489
4693,electronics-4693,electronics,230.85,60
4694,clothing-4694,clothing,330.32,466
4695,books-4695,books,378.87,300
4696,home-4696,home,278.03,42
4697,toys-4697,toys,195.26,219
4698,food-4698,food,285.68,26
4699,electronics-4699,electronics,118.32,424
4700,clothing-4700,clothing,39.22,66
4701,books-4701,books,207.62,424
4702,home-4702,home,470.95,54
4703,toys-4703,toys,162.01,255
4704,food-4704,food,84.79,133
4705,electronics-4705,electronics,251.66,370
4706,clothing-4706,clothing,235.47,492
4707,books-4707,books,108.33,264
4708,home-4708,home,165.83,352
4709,toys-4709,toys,67.51,452
4710,food-4710,food,269.93,72
4711,electronics-4711,electronics,312.86,187
4712,clothing-4712,clothing,361.85,396
4713,books-4713,books,284.93,68
4714,home-4714,home,30.77,194
4715,toys-4715,toys,451.47,114
4716,food-4716,food,423.85,69
4717,electronics-4717,electronics,278.96,219
4718,clothing-4718,clothing,240.04,301
4719,books-4719,books,113.56,288
4720,home-4720,home,199.51,292
4721,toys-4721,toys,31.70,242
4722,food-4722,food,156.60,340
4723,electronics-4723,electronics,412.15,472
4724,clothing-4724,clothing,71.26,199
4725,books-4725,books,33.26,495
4726,home-4726,home,297.19,153
4727,toys-4727,toys,433.46,88
4728,food-4728,food,66.45,465
4729,electronics-4729,electronics,47.18,321
4730,clothing-4730,clothing,58.28,431
4731,books-4731,books,350.87,60
4732,home-4732,home,179.79,140
4733,toys-4733,toys,36.63,359
4734,food-4734,food,378.43,119
4735,electronics-4735,electronics,236.43,265
4736,clothing-4736,clothing,118.87,246
4737,books-4737,books,60.81,438
4738,home-4738,home,137.75,342
4739,toys-4739,toys,260.74,377
4740,food-4740,food,416.69,456
4741,electronics-4741,electronics,334.87,287
4742,clothing-4742,clothing,35.33,254
4743,books-4743,books,62.06,129
4744,home-4744,home,153.04,206
4745,toys-4745,toys,126.97,245
4746,food-4746,food,214.15,265
4747,electronics-4747,electronics,425.85,430
4748,clothing-4748,clothing,276.26,111
4749,books-4749,books,136.86,187
4750,home-4750,home,419.63,290
4751,toys-4751,toys,76.07,220
4752,food-4752,food,316.79,58
4753,electronics-4753,electronics,491.80,202
4754,clothing-4754,clothing,96.73,383
4755,books-4755,books,426.40,208
4756,home-4756,home,405.38,118
4757,toys-4757,toys,334.92,68
4758,food-4758,food,344.00,359
4759,electronics-4759,electronics,414.44,159
4760,clothing-4760,clothing,417.25,500
4761,books-4761,books,213.39,405
4762,home-4762,home,265.83,139
4763,toys-4763,toys,197.81,105
4764,food-4764,food,305.90,410
4765,electronics-4765,electronics,389.03,307
4766,clothing-4766,clothing,8.78,15
4767,books-4767,books,434.00,426
4768,home-4768,home,446.69,393
4769,toys-4769,toys,10.88,341
4770,food-4770,food,70.69,206
4771,electronics-4771,electronics,92.22,180
4772,clothing-4772,clothing,190.17,144
4773,books-4773,books,224.12,161
4774,home-4774,home,75.45,160
4775,toys-4775,toys,44.96,304
4776,food-4776,food,218.96,216
4777,electronics-4777,electronics,135.64,302
4778,clothing-4778,clothing,368.04,199
4779,books-4779,books,210.43,161
4780,home-4780,home,390.41,414
4781,toys-4781,toys,159.37,298
4782,food-4782,food,71.20,150
4783,electronics-4783,electronics,199.58,406
4784,clothing-4784,clothing,215.72,273
4785,books-4785,books,302.88,199
4786,home-4786,home,162.36,385
4787,toys-4787,toys,271.98,244
4788,food-4788,food,118.79,64
4789,electronics-4789,electronics,112.03,448
4790,clothing-4790,clothing,450.25,49
4791,books-4791,books,486.98,226
4792,home-4792,home,487.55,36
4793,toys-4793,toys,203.76,31
4794,food-4794,food,190.71,370
4795,electronics-4795,electronics,30.29,191
4796,clothing-4796,clothing,413.08,93
4797,books-4797,books,245.92,472
4798,home-4798,home,72.57,141
4799,toys-4799,toys,184.96,182
4800,food-4800,food,39.95,245
4801,electronics-4801,electronics,406.97,62
4802,clothing-4802,clothing,451.36,50
4803,books-4803,books,233.87,286
4804,home-4804,home,51.76,108
4805,toys-4805,toys,365.09,463
4806,food-4806,food,195.27,69
4807,electronics-4807,electronics,168.43,56
4808,clothing-4808,clothing,11.34,320
4809,books-4809,books,210.25,116
4810,home-4810,home,347.63,50
4811,toys-4811,toys,281.80,479
4812,food-4812,food,391.07,206
4813,electronics-4813,electronics,209.57,302
4814,clothing-4814,clothing,263.41,227
4815,books-4815,books,241.16,444
4816,home-4816,home,200.15,439
4817,toys-4817,toys,74.14,443
4818,food-4818,food,276.83,344
4819,electronics-4819,electronics,67.47,263
4820,clothing-4820,clothing,261.90,232
4821,books-4821,books,12.04,287
4822,home-4822,home,184.88,113
4823,toys-4823,toys,329.48,62
4824,food-4824,food,189.28,424
4825,electronics-4825,electronics,261.64,17
4826,clothing-4826,clothing,332.29,233
4827,books-4827,books,229.48,191
4828,home-4828,home,267.14,295
4829,toys-4829,toys,327.71,421
4830,food-4830,food,315.93,53
4831,electronics-4831,electronics,336.39,16
4832,clothing-4832,clothing,274.99,483
4833,books-4833,books,387.17,63
4834,home-4834,home,30.73,346
4835,toys-4835,toys,25.96,340
4836,food-4836,food,419.87,195
4837,electronics-4837,electronics,299.99,338
4838,clothing-4838,clothing,33.95,103
4839,books-4839,books,312.31,241
4840,home-4840,home,457.57,136
4841,toys-4841,toys,291.82,369
4842,food-4842,food,87.72,317
4843,electronics-4843,electronics,440.13,247
4844,clothing-4844,clothing,69.26,449
4845,books-4845,books,70.75,183
4846,home-4846,home,419.21,192
4847,toys-4847,toys,392.60,22
4848,food-4848,food,151.04,49
4849,electronics-4849,electronics,210.23,22
4850,clothing-4850,clothing,309.37,451
4851,books-4851,books,180.14,448
4852,home-4852,home,18.78,167
4853,toys-4853,toys,138.73,154
4854,food-4854,food,216.91,210
4855,electronics-4855,electronics,38.78,238
4856,clothing-4856,clothing,143.51,131
4857,books-4857,books,465.65,391
4858,home-4858,home,137.62,382
4859,toys-4859,toys,490.47,274
4860,food-4860,food,144.73,128
4861,electronics-4861,electronics,450.51,137
4862,clothing-4862,clothing,386.42,373
4863,books-4863,books,40.59,259
4864,home-4864,home,107.54,25
4865,toys-4865,toys,65.68,42
4866,food-4866,food,61.44,94
4867,electronics-4867,electronics,238.68,165
4868,clothing-4868,clothing,176.00,33
4869,books-4869,books,403.58,472
4870,home-4870,home,385.49,468
4871,toys-4871,toys,39.93,305
4872,food-4872,food,51.95,294
4873,electronics-4873,electronics,380.60,33
4874,clothing-4874,clothing,494.48,175
4875,books-4875,books,22.37,458
4876,home-4876,home,17.06,104
4877,toys-4877,toys,42.46,343
4878,food-4878,food,13.65,386
4879,electronics-4879,electronics,277.69,326
4880,clothing-4880,clothing,462.27,74
4881,books-4881,books,471.94,185
4882,home-4882,home,100.48,336
4883,toys-4883,toys,50.31,262
4884,food-4884,food,376.13,480
4885,electronics-4885,electronics,26.29,44
4886,clothing-4886,clothing,457.60,322
4887,books-4887,books,107.65,326
4888,home-4888,home,312.40,311
4889,toys-4889,toys,147.13,412
4890,food-4890,food,228.05,300
4891,electronics-4891,electronics,73.68,178
4892,clothing-4892,clothing,302.63,220
4893,books-4893,books,271.41,69
4894,home-4894,home,57.75,374
4895,toys-4895,toys,91.34,172
4896,food-4896,food,291.42,476
4897,electronics-4897,electronics,400.00,388
4898,clothing-4898,clothing,209.96,71
4899,books-4899,books,103.57,223
4900,home-4900,home,426.27,99
4901,toys-4901,toys,404.97,253
4902,food-4902,food,308.96,56
4903,electronics-4903,electronics,288.50,222
4904,clothing-4904,clothing,24.13,169
4905,books-4905,books,183.40,10
4906,home-4906,home,74.62,237
4907,toys-4907,toys,471.05,71
4908,food-4908,food,399.64,116
4909,electronics-4909,electronics,150.04,372
4910,clothing-4910,clothing,381.77,97
4911,books-4911,books,344.77,302
4912,home-4912,home,7.42,102
4913,toys-4913,toys,484.77,124
4914,food-4914,food,372.08,304
4915,electronics-4915,electronics,195.67,284
4916,clothing-4916,clothing,226.68,119
4917,books-4917,books,241.27,293
4918,home-4918,home,249.53,258
4919,toys-4919,toys,285.94,64
4920,food-4920,food,348.47,188
4921,electronics-4921,electronics,469.29,290
4922,clothing-4922,clothing,348.99,376
4923,books-4923,books,338.72,416
4924,home-4924,home,388.51,438
4925,toys-4925,toys,99.75,494
4926,food-4926,food,410.43,163
4927,electronics-4927,electronics,321.98,365
4928,clothing-4928,clothing,23.17,234
4929,books-4929,books,460.27,331
4930,home-4930,home,348.37,120
4931,toys-4931,toys,455.15,174
4932,food-4932,food,478.59,334
4933,electronics-4933,electronics,301.82,365
4934,clothing-4934,clothing,493.43,137
4935,books-4935,books,79.90,342
4936,home-4936,home,331.15,217
4937,toys-4937,toys,396.19,388
4938,food-4938,food,106.49,230
4939,electronics-4939,electronics,444.11,176
4940,clothing-4940,clothing,365.84,33
4941,books-4941,books,472.57,259
4942,home-4942,home,151.07,322
4943,toys-4943,toys,348.72,237
4944,food-4944,food,168.78,160
4945,electronics-4945,electronics,185.68,278
4946,clothing-4946,clothing,321.81,324
4947,books-4947,books,447.59,378
4948,home-4948,home,330.94,266
4949,toys-4949,toys,230.71,81
4950,food-4950,food,168.59,218
4951,electronics-4951,electronics,469.94,21
4952,clothing-4952,clothing,72.85,204
4953,books-4953,books,457.24,114
4954,home-4954,home,20.12,134
4955,toys-4955,toys,246.64,55
4956,food-4956,food,312.15,352
4957,electronics-4957,electronics,28.02,213
4958,clothing-4958,clothing,75.90,207
4959,books-4959,books,398.03,253
4960,home-4960,home,337.44,275
4961,toys-4961,toys,39.32,468
4962,food-4962,food,251.81,423
4963,electronics-4963,electronics,80.82,457
4964,clothing-4964,clothing,457.19,130
4965,books-4965,books,265.15,34
4966,home-4966,home,420.24,399
4967,toys-4967,toys,437.24,359
4968,food-4968,food,446.93,301
4969,electronics-4969,electronics,485.33,82
4970,clothing-4970,clothing,86.54,404
4971,books-4971,books,88.72,493
4972,home-4972,home,173.52,32
4973,toys-4973,toys,187.56,234
4974,food-4974,food,352.58,396
4975,electronics-4975,electronics,93.04,241
4976,clothing-4976,clothing,49.28,418
4977,books-4977,books,344.76,122
4978,home-4978,home,70.02,362
4979,toys-4979,toys,64.26,481
4980,food-4980,food,38.71,458
4981,electronics-4981,electronics,475.18,482
4982,clothing-4982,clothing,302.76,309
4983,books-4983,books,274.87,225
4984,home-4984,home,110.74,275
4985,toys-4985,toys,456.92,127
4986,food-4986,food,324.86,107
4987,electronics-4987,electronics,26.86,285
4988,clothing-4988,clothing,318.45,417
4989,books-4989,books,265.58,364
4990,home-4990,home,98.93,160
4991,toys-4991,toys,328.44,415
4992,food-4992,food,206.75,442
4993,electronics-4993,electronics,360.66,259
4994,clothing-4994,clothing,323.10,274
4995,books-4995,books,166.81,106
4996,home-4996,home,463.57,422
4997,toys-4997,toys,263.64,156
4998,food-4998,food,298.52,307
4999,electronics-4999,electronics,140.15,155
5000,clothing-5000,clothing,133.46,296
5001,books-5001,books,159.83,331
5002,home-5002,home,58.11,455
5003,toys-5003,toys,53.70,462
5004,food-5004,food,343.30,74
5005,electronics-5005,electronics,23.50,243
5006,clothing-5006,clothing,459.35,319
5007,books-5007,books,59.56,78
5008,home-5008,home,265.50,474
5009,toys-5009,toys,393.60,383
5010,food-5010,food,35.23,227
5011,electronics-5011,electronics,290.37,168
5012,clothing-5012,clothing,231.89,386
5013,books-5013,books,395.06,92
5014,home-5014,home,379.23,130
5015,toys-5015,toys,377.34,282
5016,food-5016,food,49.64,115
5017,electronics-5017,electronics,111.20,468
5018,clothing-5018,clothing,160.97,374
5019,books-5019,books,94.35,319
5020,home-5020,home,409.30,329
5021,toys-5021,toys,75.47,131
5022,food-5022,food,460.68,406
5023,electronics-5023,electronics,389.55,79
5024,clothing-5024,clothing,134.53,482
5025,books-5025,books,93.33,120
5026,home-5026,home,253.76,109
5027,toys-5027,toys,239.34,301
5028,food-5028,food,190.35,272
5029,electronics-5029,electronics,73.82,480
5030,clothing-5030,clothing,219.94,116
5031,books-5031,books,154.58,252
5032,home-5032,home,372.95,226
5033,toys-5033,toys,372.59,140
5034,food-5034,food,140.75,18
5035,electronics-5035,electronics,75.78,239
5036,clothing-5036,clothing,69.77,122
5037,books-5037,books,181.47,275
5038,home-5038,home,169.50,165
5039,toys-5039,toys,49.75,203
5040,food-5040,food,229.79,116
5041,electronics-5041,electronics,13.52,378
5042,clothing-5042,clothing,182.24,463
5043,books-5043,books,176.87,233
5044,home-5044,home,323.23,413
5045,toys-5045,toys,358.11,283
5046,food-5046,food,95.40,229
5047,electronics-5047,electronics,83.56,332
5048,clothing-5048,clothing,175.63,469
5049,books-5049,books,62.50,78
5050,home-5050,home,489.55,119
5051,toys-5051,toys,274.09,368
5052,food-5052,food,127.41,450
5053,electronics-5053,electronics,173.77,450
5054,clothing-5054,clothing,479.82,282
5055,books-5055,books,170.98,63
5056,home-5056,home,210.48,486
5057,toys-5057,toys,328.96,0
5058,food-5058,food,75.22,212
5059,electronics-5059,electronics,105.11,342
5060,clothing-5060,clothing,43.88,329
5061,books-5061,books,261.22,500
5062,home-5062,home,275.50,327
5063,toys-5063,toys,125.24,234
5064,food-5064,food,279.26,102
5065,electronics-5065,electronics,18.14,490
5066,clothing-5066,clothing,360.30,458
5067,books-5067,books,454.28,461
5068,home-5068,home,137.58,200
5069,toys-5069,toys,121.57,1
5070,food-5070,food,258.17,453
5071,electronics-5071,electronics,193.16,89
5072,clothing-5072,clothing,101.22,435
5073,books-5073,books,310.19,367
5074,home-5074,home,53.91,303
5075,toys-5075,toys,367.73,89
5076,food-5076,food,378.51,362
5077,electronics-5077,electronics,350.85,84
5078,clothing-5078,clothing,113.00,14
5079,books-5079,books,378.05,356
5080,home-5080,home,328.23,361
5081,toys-5081,toys,276.81,412
5082,food-5082,food,46.01,64
5083,electronics-5083,electronics,392.52,42
5084,clothing-5084,clothing,353.72,500
5085,books-5085,books,493.49,254
5086,home-5086,home,376.80,37
5087,toys-5087,toys,195.64,338
5088,food-5088,food,357.29,271
5089,electronics-5089,electronics,384.51,387
5090,clothing-5090,clothing,113.23,97
5091,books-5091,books,166.74,202
5092,home-5092,home,299.95,307
5093,toys-5093,toys,297.82,324
5094,food-5094,food,431.63,447
5095,electronics-5095,electronics,411.03,165
5096,clothing-5096,clothing,78.97,452
5097,books-5097,books,16.65,191
5098,home-5098,home,227.47,96
5099,toys-5099,toys,347.88,227
5100,food-5100,food,157.93,362
5101,electronics-5101,electronics,380.57,408
5102,clothing-5102,clothing,155.02,72
5103,books-5103,books,210.85,69
5104,home-5104,home,470.22,225
5105,toys-5105,toys,48.13,171
5106,food-5106,food,238.54,192
5107,electronics-5107,electronics,37.80,90
5108,clothing-5108,clothing,413.32,157
5109,books-5109,books,302.65,295
5110,home-5110,home,144.58,86
5111,toys-5111,toys,445.32,221
5112,food-5112,food,328.96,37
5113,electronics-5113,electronics,118.42,391
5114,clothing-5114,clothing,69.51,257
5115,books-5115,books,100.45,106
5116,home-5116,home,356.17,352
5117,toys-5117,toys,488.85,386
5118,food-5118,food,137.29,371
5119,electronics-5119,electronics,322.00,120
5120,clothing-5120,clothing,418.70,320
5121,books-5121,books,457.22,177
5122,home-5122,home,385.31,490
5123,toys-5123,toys,240.03,160
5124,food-5124,food,232.03,476
5125,electronics-5125,electronics,17.53,487
5126,clothing-5126,clothing,340.69,130
5127,books-5127,books,234.65,154
5128,home-5128,home,351.92,243
5129,toys-5129,toys,473.08,332
5130,food-5130,food,76.19,317
5131,electronics-5131,electronics,380.99,414
5132,clothing-5132,clothing,491.52,278
5133,books-5133,books,382.73,90
5134,home-5134,home,240.64,322
5135,toys-5135,toys,284.08,265
5136,food-5136,food,448.11,90
5137,electronics-5137,electronics,140.19,160
5138,clothing-5138,clothing,335.00,185
5139,books-5139,books,444.96,319
5140,home-5140,home,57.37,197
5141,toys-5141,toys,72.21,291
5142,food-5142,food,5.07,408
5143,electronics-5143,electronics,70.02,378
5144,clothing-5144,clothing,127.48,113
5145,books-5145,books,397.51,53
5146,home-5146,home,51.22,18
5147,toys-5147,toys,418.14,481
5148,food-5148,food,25.59,452
5149,electronics-5149,electronics,173.33,102
5150,clothing-5150,clothing,62.78,3
5151,books-5151,books,63.60,106
5152,home-5152,home,235.77,47
5153,toys-5153,toys,244.94,299
5154,food-5154,food,338.21,499
5155,electronics-5155,electronics,279.32,309
5156,clothing-5156,clothing,250.40,474
5157,books-5157,books,16.46,195
5158,home-5158,home,124.20,376
5159,toys-5159,toys,85.58,338
5160,food-5160,food,420.20,486
5161,electronics-5161,electronics,29.44,364
5162,clothing-5162,clothing,92.76,241
5163,books-5163,books,97.65,146
5164,home-5164,home,34.36,341
5165,toys-5165,toys,476.89,88
5166,food-5166,food,115.70,414
5167,electronics-5167,electronics,415.69,144
5168,clothing-5168,clothing,416.65,289
5169,books-5169,books,366.71,129
5170,home-5170,home,122.16,65
5171,toys-5171,toys,425.41,411
5172,food-5172,food,199.15,374
5173,electronics-5173,electronics,209.79,349
5174,clothing-5174,clothing,448.66,406
5175,books-5175,books,175.07,21
5176,home-5176,home,444.58,266
5177,toys-5177,toys,36.83,363
5178,food-5178,food,407.13,421
5179,electronics-5179,electronics,488.90,233
5180,clothing-5180,clothing,358.47,474
5181,books-5181,books,170.11,361
5182,home-5182,home,315.12,466
5183,toys-5183,toys,386.86,47
5184,food-5184,food,224.59,287
5185,electronics-5185,electronics,74.25,170
5186,clothing-5186,clothing,382.61,144
5187,books-5187,books,353.01,243
5188,home-5188,home,65.15,351
5189,toys-5189,toys,328.05,290
5190,food-5190,food,78.89,350
5191,electronics-5191,electronics,119.73,290
5192,clothing-5192,clothing,322.50,135
5193,books-5193,books,132.85,179
5194,home-5194,home,276.72,330
5195,toys-5195,toys,288.48,159
5196,food-5196,food,302.47,148
5197,electronics-5197,electronics,478.20,12
5198,clothing-5198,clothing,435.25,204
5199,books-5199,books,40.89,33
5200,home-5200,home,173.12,205
5201,toys-5201,toys,282.81,372
5202,food-5202,food,93.80,376
5203,electronics-5203,electronics,410.47,74
5204,clothing-5204,clothing,207.77,334
5205,books-5205,books,354.13,454
5206,home-5206,home,242.36,290
5207,toys-5207,toys,181.27,446
5208,food-5208,food,334.68,393
5209,electronics-5209,electronics,372.71,395
5210,clothing-5210,clothing,364.62,399
5211,books-5211,books,15.66,309
5212,home-5212,home,254.16,463
5213,toys-5213,toys,149.44,317
5214,food-5214,food,280.65,384
5215,electronics-5215,electronics,114.16,213
5216,clothing-5216,clothing,34.30,478
5217,books-5217,books,397.96,438
5218,home-5218,home,359.00,79
5219,toys-5219,toys,123.28,24
5220,food-5220,food,289.56,465
5221,electronics-5221,electronics,425.69,137
5222,clothing-5222,clothing,20.11,404
5223,books-5223,books,498.22,336
5224,home-5224,home,447.83,339
5225,toys-5225,toys,296.64,454
5226,food-5226,food,395.12,152
5227,electronics-5227,electronics,130.62,366
5228,clothing-5228,clothing,302.16,168
5229,books-5229,books,475.58,319
5230,home-5230,home,447.74,433
5231,toys-5231,toys,235.35,48
5232,food-5232,food,427.20,200
5233,electronics-5233,electronics,204.10,95
5234,clothing-5234,clothing,229.80,497
5235,books-5235,books,258.55,204
5236,home-5236,home,346.48,56
5237,toys-5237,toys,350.76,480
5238,food-5238,food,103.06,450
5239,electronics-5239,electronics,57.26,74
5240,clothing-5240,clothing,203.41,172
5241,books-5241,books,55.83,298
5242,home-5242,home,237.99,444
5243,toys-5243,toys,442.31,494
5244,food-5244,food,73.88,335
5245,electronics-5245,electronics,471.13,29
5246,clothing-5246,clothing,129.15,304
5247,books-5247,books,45.33,92
5248,home-5248,home,233.85,408
5249,toys-5249,toys,36.16,158
5250,food-5250,food,324.70,280
5251,electronics-5251,electronics,61.13,44
5252,clothing-5252,clothing,42.77,354
5253,books-5253,books,80.75,251
5254,home-5254,home,97.10,110
5255,toys-5255,toys,16.48,367
5256,food-5256,food,91.09,484
5257,electronics-5257,electronics,80.46,149
5258,clothing-5258,clothing,369.13,47
5259,books-5259,books,261.95,140
5260,home-5260,home,356.85,180
5261,toys-5261,toys,59.02,324
5262,food-5262,food,125.72,3
5263,electronics-5263,electronics,330.06,74
5264,clothing-5264,clothing,359.08,234
5265,books-5265,books,308.14,8
5266,home-5266,home,308.60,106
5267,toys-5267,toys,364.87,54
5268,food-5268,food,179.58,480
5269,electronics-5269,electronics,222.81,460
5270,clothing-5270,clothing,17.00,133
5271,books-5271,books,283.77,229
5272,home-5272,home,413.55,362
5273,toys-5273,toys,184.00,381
5274,food-5274,food,102.30,202
5275,electronics-5275,electronics,340.05,44
5276,clothing-5276,clothing,393.30,90
5277,books-5277,books,301.39,153
5278,home-5278,home,423.30,372
5279,toys-5279,toys,262.22,105
5280,food-5280,food,208.43,397
5281,electronics-5281,electronics,136.64,299
5282,clothing-5282,clothing,116.55,88
5283,books-5283,books,294.64,183
5284,home-5284,home,108.81,289
5285,toys-5285,toys,299.16,178
5286,food-5286,food,402.08,255
5287,electronics-5287,electronics,80.47,394
5288,clothing-5288,clothing,8.49,234
5289,books-5289,books,115.47,113
5290,home-5290,home,428.23,341
5291,toys-5291,toys,246.31,0
5292,food-5292,food,450.35,92
5293,electronics-5293,electronics,353.74,426
5294,clothing-5294,clothing,466.48,416
5295,books-5295,books,43.64,164
5296,home-5296,home,61.91,226
5297,toys-5297,toys,254.64,23
5298,food-5298,food,147.61,407
5299,electronics-5299,electronics,173.77,319
5300,clothing-5300,clothing,345.40,341
5301,books-5301,books,30.02,428
5302,home-5302,home,350.74,116
5303,toys-5303,toys,174.98,217
5304,food-5304,food,286.61,332
5305,electronics-5305,electronics,220.44,86
5306,clothing-5306,clothing,177.49,67
5307,books-5307,books,257.65,21
5308,home-5308,home,57.61,73
5309,toys-5309,toys,140.62,443
5310,food-5310,food,167.64,322
5311,electronics-5311,electronics,44.77,339
5312,clothing-5312,clothing,80.39,236
5313,books-5313,books,169.16,179
5314,home-5314,home,15.88,302
5315,toys-5315,toys,49.90,297
5316,food-5316,food,238.68,49
5317,electronics-5317,electronics,326.37,233
5318,clothing-5318,clothing,98.27,291
5319,books-5319,books,471.47,235
5320,home-5320,home,263.26,115
5321,toys-5321,toys,478.88,272
5322,food-5322,food,226.71,229
5323,electronics-5323,electronics,227.58,407
5324,clothing-5324,clothing,281.81,19
5325,books-5325,books,162.31,469
5326,home-5326,home,475.69,328
5327,toys-5327,toys,209.51,70
5328,food-5328,food,282.83,123
5329,electronics-5329,electronics,198.81,488
5330,clothing-5330,clothing,10.94,155
5331,books-5331,books,204.15,497
5332,home-5332,home,291.14,81
5333,toys-5333,toys,193.79,402
5334,food-5334,food,90.04,381
5335,electronics-5335,electronics,265.08,223
5336,clothing-5336,clothing,350.53,323
5337,books-5337,books,196.19,285
5338,home-5338,home,379.60,58
5339,toys-5339,toys,470.20,17
5340,food-5340,food,417.20,300
5341,electronics-5341,electronics,63.36,43
5342,clothing-5342,clothing,243.31,104
5343,books-5343,books,315.40,104
5344,home-5344,home,187.34,265
5345,toys-5345,toys,277.65,314
5346,food-5346,food,417.36,104
5347,electronics-5347,electronics,190.15,38
5348,clothing-5348,clothing,451.15,207
5349,books-5349,books,107.60,440
5350,home-5350,home,495.03,299
5351,toys-5351,toys,127.67,200
5352,food-5352,food,353.44,276
5353,electronics-5353,electronics,449.20,111
5354,clothing-5354,clothing,206.02,36
5355,books-5355,books,344.89,454
5356,home-5356,home,291.76,491
5357,toys-5357,toys,149.29,60
5358,food-5358,food,426.67,7
5359,electronics-5359,electronics,192.75,325
5360,clothing-5360,clothing,181.41,302
5361,books-5361,books,183.29,53
5362,home-5362,home,19.13,429
5363,toys-5363,toys,403.26,389
5364,food-5364,food,499.60,210
5365,electronics-5365,electronics,452.00,375
5366,clothing-5366,clothing,340.38,288
5367,books-5367,books,388.34,495
5368,home-5368,home,275.82,473
5369,toys-5369,toys,246.15,407
5370,food-5370,food,65.79,23
5371,electronics-5371,electronics,280.05,498
5372,clothing-5372,clothing,453.71,207
5373,books-5373,books,268.90,228
5374,home-5374,home,358.32,107
5375,toys-5375,toys,337.54,63
5376,food-5376,food,476.52,108
5377,electronics-5377,electronics,243.17,218
5378,clothing-5378,clothing,137.46,143
5379,books-5379,books,114.27,319
5380,home-5380,home,146.09,472
5381,toys-5381,toys,70.97,149
5382,food-5382,food,378.06,288
5383,electronics-5383,electronics,123.57,137
5384,clothing-5384,clothing,472.98,120
5385,books-5385,books,371.04,185
5386,home-5386,home,298.70,142
5387,toys-5387,toys,111.60,467
5388,food-5388,food,191.18,123
5389,electronics-5389,electronics,165.72,387
5390,clothing-5390,clothing,26.02,300
5391,books-5391,books,195.48,179
5392,home-5392,home,345.39,322
5393,toys-5393,toys,491.94,362
5394,food-5394,food,28.17,99
5395,electronics-5395,electronics,453.22,280
5396,clothing-5396,clothing,206.19,304
5397,books-5397,books,421.30,148
5398,home-5398,home,63.44,484
5399,toys-5399,toys,271.87,202
5400,food-5400,food,259.00,33
5401,electronics-5401,electronics,17.25,96
5402,clothing-5402,clothing,248.62,147
5403,books-5403,books,105.05,16
5404,home-5404,home,95.47,457
5405,toys-5405,toys,338.99,267
5406,food-5406,food,225.04,278
5407,electronics-5407,electronics,394.92,488
5408,clothing-5408,clothing,262.40,78
5409,books-5409,books,138.95,46
5410,home-5410,home,145.75,423
5411,toys-5411,toys,218.71,424
5412,food-5412,food,396.37,350
5413,electronics-5413,electronics,305.21,310
5414,clothing-5414,clothing,342.14,325
5415,books-5415,books,87.14,213
5416,home-5416,home,194.14,234
5417,toys-5417,toys,171.09,9
5418,food-5418,food,466.42,158
5419,electronics-5419,electronics,490.60,108
5420,clothing-5420,clothing,493.92,175
5421,books-5421,books,290.43,209
5422,home-5422,home,338.30,359
5423,toys-5423,toys,355.66,29
5424,food-5424,food,66.81,443
5425,electronics-5425,electronics,309.59,322
5426,clothing-5426,clothing,160.22,201
5427,books-5427,books,402.67,149
5428,home-5428,home,92.39,161
5429,toys-5429,toys,245.10,143
5430,food-5430,food,154.12,483
5431,electronics-5431,electronics,197.90,301
5432,clothing-5432,clothing,194.68,243
5433,books-5433,books,258.87,438
5434,home-5434,home,315.02,455
5435,toys-5435,toys,412.82,415
5436,food-5436,food,281.43,46
5437,electronics-5437,electronics,448.05,332
5438,clothing-5438,clothing,32.91,280
5439,books-5439,books,164.85,204
5440,home-5440,home,418.11,491
5441,toys-5441,toys,232.80,369
5442,food-5442,food,385.82,70
5443,electronics-5443,electronics,369.72,29
5444,clothing-5444,clothing,437.11,350
5445,books-5445,books,361.95,65
5446,home-5446,home,482.61,345
5447,toys-5447,toys,182.37,234
5448,food-5448,food,350.65,185
5449,electronics-5449,electronics,451.29,124
5450,clothing-5450,clothing,40.07,366
5451,books-5451,books,66.20,115
5452,home-5452,home,370.01,48
5453,toys-5453,toys,432.12,4
5454,food-5454,food,249.22,407
5455,electronics-5455,electronics,72.11,108
5456,clothing-5456,clothing,196.40,318
5457,books-5457,books,472.36,423
5458,home-5458,home,359.27,249
5459,toys-5459,toys,344.26,106
5460,food-5460,food,241.23,204
5461,electronics-5461,electronics,23.83,452
5462,clothing-5462,clothing,79.71,2
5463,books-5463,books,316.63,270
5464,home-5464,home,87.41,22
5465,toys-5465,toys,188.78,110
5466,food-5466,food,349.48,119
5467,electronics-5467,electronics,129.15,226
5468,clothing-5468,clothing,206.27,235
5469,books-5469,books,425.91,175
5470,home-5470,home,487.82,443
5471,toys-5471,toys,120.68,103
5472,food-5472,food,447.26,437
5473,electronics-5473,electronics,340.12,288
5474,clothing-5474,clothing,267.72,159
5475,books-5475,books,100.82,257
5476,home-5476,home,261.49,381
5477,toys-5477,toys,490.85,24
5478,food-5478,food,351.67,331
5479,electronics-5479,electronics,217.74,173
5480,clothing-5480,clothing,56.02,277
5481,books-5481,books,89.96,116
5482,home-5482,home,27.97,490
5483,toys-5483,toys,451.59,69
5484,food-5484,food,448.18,299
5485,electronics-5485,electronics,250.83,83
5486,clothing-5486,clothing,307.16,374
5487,books-5487,books,459.57,346
5488,home-5488,home,425.68,337
5489,toys-5489,toys,362.32,487
5490,food-5490,food,263.09,161
5491,electronics-5491,electronics,174.18,18
5492,clothing-5492,clothing,216.49,150
5493,books-5493,books,241.73,423
5494,home-5494,home,271.92,462
5495,toys-5495,toys,212.38,248
5496,food-5496,food,177.95,44
5497,electronics-5497,electronics,112.20,349
5498,clothing-5498,clothing,386.24,130
5499,books-5499,books,61.01,485
5500,home-5500,home,242.24,352
5501,toys-5501,toys,435.08,100
5502,food-5502,food,240.40,482
5503,electronics-5503,electronics,422.89,362
5504,clothing-5504,clothing,405.70,468
5505,books-5505,books,303.71,151
5506,home-5506,home,47.62,6
5507,toys-5507,toys,399.21,228
5508,food-5508,food,451.59,246
5509,electronics-5509,electronics,308.08,491
5510,clothing-5510,clothing,258.24,499
5511,books-5511,books,25.58,271
5512,home-5512,home,489.29,404
5513,toys-5513,toys,189.50,430
5514,food-5514,food,291.15,306
5515,electronics-5515,electronics,333.28,191
5516,clothing-5516,clothing,210.49,85
5517,books-5517,books,285.15,399
5518,home-5518,home,320.94,146
5519,toys-5519,toys,443.88,195
5520,food-5520,food,414.04,56
5521,electronics-5521,electronics,40.96,241
5522,clothing-5522,clothing,422.25,387
5523,books-5523,books,80.97,400
5524,home-5524,home,228.38,302
5525,toys-5525,toys,328.83,332
5526,food-5526,food,139.51,233
5527,electronics-5527,electronics,398.65,70
5528,clothing-5528,clothing,453.40,84
5529,books-5529,books,403.06,329
5530,home-5530,home,128.29,160
5531,toys-5531,toys,98.33,392
5532,food-5532,food,50.26,316
5533,electronics-5533,electronics,318.17,175
5534,clothing-5534,clothing,161.71,498
5535,books-5535,books,411.86,208
5536,home-5536,home,435.56,358
5537,toys-5537,toys,216.89,494
5538,food-5538,food,89.91,241
5539,electronics-5539,electronics,456.31,443
5540,clothing-5540,clothing,268.67,29
5541,books-5541,books,482.80,123
5542,home-5542,home,266.04,263
5543,toys-5543,toys,368.34,217
5544,food-5544,food,411.25,263
5545,electronics-5545,electronics,262.17,409
5546,clothing-5546,clothing,397.79,189
5547,books-5547,books,353.31,139
5548,home-5548,home,243.76,370
5549,toys-5549,toys,187.64,389
5550,food-5550,food,455.02,98
5551,electronics-5551,electronics,158.77,175
5552,clothing-5552,clothing,173.71,197
5553,books-5553,books,497.86,29
5554,home-5554,home,101.87,383
5555,toys-5555,toys,276.78,329
5556,food-5556,food,163.78,219
5557,electronics-5557,electronics,171.44,422
5558,clothing-5558,clothing,56.01,33
5559,books-5559,books,301.02,189
5560,home-5560,home,318.12,279
5561,toys-5561,toys,220.23,33
5562,food-5562,food,49.99,253
5563,electronics-5563,electronics,458.06,129
5564,clothing-5564,clothing,193.30,141
5565,books-5565,books,437.47,2
5566,home-5566,home,113.07,132
5567,toys-5567,toys,302.21,229
5568,food-5568,food,336.57,306
5569,electronics-5569,electronics,423.22,283
5570,clothing-5570,clothing,142.05,184
5571,books-5571,books,315.40,482
5572,home-5572,home,32.92,186
5573,toys-5573,toys,131.48,217
5574,food-5574,food,385.55,203
5575,electronics-5575,electronics,345.03,457
5576,clothing-5576,clothing,337.15,364
5577,books-5577,books,470.67,123
5578,home-5578,home,144.00,65
5579,toys-5579,toys,291.04,67
5580,food-5580,food,74.71,275
5581,electronics-5581,electronics,182.04,277
5582,clothing-5582,clothing,139.89,8
5583,books-5583,books,499.49,120
5584,home-5584,home,405.70,232
5585,toys-5585,toys,291.65,155
5586,food-5586,food,25.07,138
5587,electronics-5587,electronics,273.20,362
5588,clothing-5588,clothing,211.55,348
5589,books-5589,books,215.45,225
5590,home-5590,home,307.36,24
5591,toys-5591,toys,289.31,354
5592,food-5592,food,156.26,281
5593,electronics-5593,electronics,268.05,194
5594,clothing-5594,clothing,455.88,282
5595,books-5595,books,302.59,160
5596,home-5596,home,78.72,128
5597,toys-5597,toys,239.26,185
5598,food-5598,food,100.75,119
5599,electronics-5599,electronics,446.28,99
5600,clothing-5600,clothing,150.94,85
5601,books-5601,books,458.90,270
5602,home-5602,home,198.77,133
5603,toys-5603,toys,404.64,278
5604,food-5604,food,123.86,163
5605,electronics-5605,electronics,472.70,130
5606,clothing-5606,clothing,155.35,24
5607,books-5607,books,252.66,73
5608,home-5608,home,163.70,216
5609,toys-5609,toys,202.72,355
5610,food-5610,food,70.02,107
5611,electronics-5611,electronics,467.23,346
5612,clothing-5612,clothing,497.68,488
5613,books-5613,books,219.38,148
5614,home-5614,home,489.13,87
5615,toys-5615,toys,203.08,385
5616,food-5616,food,47.84,376
5617,electronics-5617,electronics,43.17,366
5618,clothing-5618,clothing,333.71,87
5619,books-5619,books,216.75,121
5620,home-5620,home,453.28,65
5621,toys-5621,toys,152.49,112
5622,food-5622,food,409.64,63
5623,electronics-5623,electronics,114.01,70
5624,clothing-5624,clothing,230.03,423
5625,books-5625,books,134.50,210
5626,home-5626,home,21.59,361
5627,toys-5627,toys,51.94,336
5628,food-5628,food,299.31,91
5629,electronics-5629,electronics,23.40,322
5630,clothing-5630,clothing,160.62,302
5631,books-5631,books,105.24,114
5632,home-5632,home,204.15,265
5633,toys-5633,toys,65.88,372
5634,food-5634,food,242.61,109
5635,electronics-5635,electronics,31.23,157
5636,clothing-5636,clothing,209.62,83
5637,books-5637,books,422.54,244
5638,home-5638,home,83.98,460
5639,toys-5639,toys,234.91,462
5640,food-5640,food,390.59,63
5641,electronics-5641,electronics,321.56,484
5642,clothing-5642,clothing,349.56,358
5643,books-5643,books,76.08,321
5644,home-5644,home,477.92,51
5645,toys-5645,toys,103.69,424
5646,food-5646,food,322.53,126
5647,electronics-5647,electronics,308.69,38
5648,clothing-5648,clothing,313.24,471
5649,books-5649,books,297.49,161
5650,home-5650,home,82.75,467
5651,toys-5651,toys,320.41,32
5652,food-5652,food,313.31,140
5653,electronics-5653,electronics,162.72,428
5654,clothing-5654,clothing,437.22,190
5655,books-5655,books,295.15,244
5656,home-5656,home,448.34,473
5657,toys-5657,toys,431.05,168
5658,food-5658,food,132.90,25
5659,electronics-5659,electronics,444.51,117
5660,clothing-5660,clothing,239.43,397
5661,books-5661,books,59.74,181
5662,home-5662,home,45.33,284
5663,toys-5663,toys,22.47,332
5664,food-5664,food,481.30,361
5665,electronics-5665,electronics,121.59,219
5666,clothing-5666,clothing,354.57,420
5667,books-5667,books,179.29,396
5668,home-5668,home,181.31,166
5669,toys-5669,toys,451.84,287
5670,food-5670,food,159.61,349
5671,electronics-5671,electronics,79.33,246
5672,clothing-5672,clothing,201.49,255
5673,books-5673,books,288.94,239
5674,home-5674,home,197.16,281
5675,toys-5675,toys,98.69,329
5676,food-5676,food,343.51,275
5677,electronics-5677,electronics,213.87,126
5678,clothing-5678,clothing,100.05,153
5679,books-5679,books,215.49,430
5680,home-5680,home,494.92,306
5681,toys-5681,toys,346.17,126
5682,food-5682,food,240.61,238
5683,electronics-5683,electronics,127.75,495
5684,clothing-5684,clothing,375.40,72
5685,books-5685,books,334.93,371
5686,home-5686,home,353.99,452
5687,toys-5687,toys,30.75,139
5688,food-5688,food,459.86,6
5689,electronics-5689,electronics,409.64,280
5690,clothing-5690,clothing,267.95,347
5691,books-5691,books,305.62,91
5692,home-5692,home,367.79,65
5693,toys-5693,toys,392.50,406
5694,food-5694,food,413.86,438
5695,electronics-5695,electronics,236.90,256
5696,clothing-5696,clothing,117.38,81
5697,books-5697,books,372.43,389
5698,home-5698,home,92.26,221
5699,toys-5699,toys,233.43,154
5700,food-5700,food,469.70,61
5701,electronics-5701,electronics,422.00,406
5702,clothing-5702,clothing,168.89,280
5703,books-5703,books,250.68,323
5704,home-5704,home,352.13,453
5705,toys-5705,toys,325.06,205
5706,food-5706,food,7.53,37
5707,electronics-5707,electronics,102.60,220
5708,clothing-5708,clothing,319.53,420
5709,books-5709,books,275.86,282
5710,home-5710,home,185.38,248
5711,toys-5711,toys,291.47,74
5712,food-5712,food,468.05,256
5713,electronics-5713,electronics,111.69,180
5714,clothing-5714,clothing,170.96,196
5715,books-5715,books,96.63,387
5716,home-5716,home,317.52,241
5717,toys-5717,toys,419.85,431
5718,food-5718,food,350.60,217
5719,electronics-5719,electronics,199.01,191
5720,clothing-5720,clothing,316.58,408
5721,books-5721,books,487.29,66
5722,home-5722,home,182.09,211
5723,toys-5723,toys,222.32,353
5724,food-5724,food,29.71,24
5725,electronics-5725,electronics,126.05,492
5726,clothing-5726,clothing,231.82,216
5727,books-5727,books,94.11,87
5728,home-5728,home,85.28,424
5729,toys-5729,toys,175.35,213
5730,food-5730,food,214.50,165
5731,electronics-5731,electronics,248.41,484
5732,clothing-5732,clothing,338.96,23
5733,books-5733,books,253.80,356
5734,home-5734,home,435.46,188
5735,toys-5735,toys,420.84,259
5736,food-5736,food,490.90,429
5737,electronics-5737,electronics,299.07,226
5738,clothing-5738,clothing,392.39,93
5739,books-5739,books,397.96,57
5740,home-5740,home,244.19,121
5741,toys-5741,toys,354.48,61
5742,food-5742,food,358.35,256
5743,electronics-5743,electronics,281.85,227
5744,clothing-5744,clothing,450.09,102
5745,books-5745,books,482.85,22
5746,home-5746,home,31.10,171
5747,toys-5747,toys,78.20,94
5748,food-5748,food,14.36,66
5749,electronics-5749,electronics,156.72,74
5750,clothing-5750,clothing,165.65,463
5751,books-5751,books,257.38,475
5752,home-5752,home,77.66,498
5753,toys-5753,toys,15.58,392
5754,food-5754,food,228.86,95
5755,electronics-5755,electronics,86.22,163
5756,clothing-5756,clothing,327.73,203
5757,books-5757,books,405.90,398
5758,home-5758,home,75.15,112
5759,toys-5759,toys,66.74,218
5760,food-5760,food,359.96,315
5761,electronics-5761,electronics,385.82,253
5762,clothing-5762,clothing,58.66,126
5763,books-5763,books,344.00,461
5764,home-5764,home,186.58,11
5765,toys-5765,toys,396.22,459
5766,food-5766,food,484.47,131
5767,electronics-5767,electronics,90.04,284
5768,clothing-5768,clothing,16.89,216
5769,books-5769,books,238.30,461
5770,home-5770,home,157.76,103
5771,toys-5771,toys,291.03,427
5772,food-5772,food,156.03,62
5773,electronics-5773,electronics,46.38,185
5774,clothing-5774,clothing,400.62,231
5775,books-5775,books,250.16,343
5776,home-5776,home,406.20,59
5777,toys-5777,toys,459.91,118
5778,food-5778,food,75.58,157
5779,electronics-5779,electronics,373.89,2
5780,clothing-5780,clothing,352.79,115
5781,books-5781,books,211.77,397
5782,home-5782,home,488.66,249
5783,toys-5783,toys,187.84,53
5784,food-5784,food,288.58,491
5785,electronics-5785,electronics,240.76,2
5786,clothing-5786,clothing,436.94,376
5787,books-5787,books,442.62,198
5788,home-5788,home,237.16,151
5789,toys-5789,toys,427.42,185
5790,food-5790,food,361.37,66
5791,electronics-5791,electronics,89.79,275
5792,clothing-5792,clothing,147.97,239
5793,books-5793,books,487.21,16
5794,home-5794,home,476.93,487
5795,toys-5795,toys,373.56,218
5796,food-5796,food,42.63,291
5797,electronics-5797,electronics,238.80,102
5798,clothing-5798,clothing,460.16,191
5799,books-5799,books,432.58,5
5800,home-5800,home,330.59,359
5801,toys-5801,toys,246.82,143
5802,food-5802,food,178.52,41
5803,electronics-5803,electronics,74.60,350
5804,clothing-5804,clothing,10.96,390
5805,books-5805,books,15.82,57
5806,home-5806,home,302.98,425
5807,toys-5807,toys,18.70,362
5808,food-5808,food,330.31,197
5809,electronics-5809,electronics,285.62,365
5810,clothing-5810,clothing,352.38,353
5811,books-5811,books,447.59,12
5812,home-5812,home,90.58,165
5813,toys-5813,toys,251.53,192
5814,food-5814,food,225.07,141
5815,electronics-5815,electronics,422.39,302
5816,clothing-5816,clothing,141.08,140
5817,books-5817,books,102.19,456
5818,home-5818,home,457.79,116
5819,toys-5819,toys,210.32,75
5820,food-5820,food,197.14,283
5821,electronics-5821,electronics,464.22,219
5822,clothing-5822,clothing,320.99,381
5823,books-5823,books,172.77,115
5824,home-5824,home,378.71,184
5825,toys-5825,toys,243.90,422
5826,food-5826,food,407.70,148
5827,electronics-5827,electronics,10.72,486
5828,clothing-5828,clothing,360.22,494
5829,books-5829,books,357.38,319
5830,home-5830,home,379.27,396
5831,toys-5831,toys,120.36,331
5832,food-5832,food,307.44,201
5833,electronics-5833,electronics,444.58,316
5834,clothing-5834,clothing,442.98,298
5835,books-5835,books,477.64,65
5836,home-5836,home,297.00,461
5837,toys-5837,toys,312.18,413
5838,food-5838,food,58.53,182
5839,electronics-5839,electronics,60.74,305
5840,clothing-5840,clothing,344.36,436
5841,books-5841,books,479.69,331
5842,home-5842,home,13.66,12
5843,toys-5843,toys,84.79,377
5844,food-5844,food,28.83,34
5845,electronics-5845,electronics,109.43,497
5846,clothing-5846,clothing,323.01,159
5847,books-5847,books,293.17,459
5848,home-5848,home,145.18,176
5849,toys-5849,toys,65.01,487
5850,food-5850,food,168.03,493
5851,electronics-5851,electronics,125.19,155
5852,clothing-5852,clothing,300.61,92
5853,books-5853,books,190.61,169
5854,home-5854,home,340.13,3
5855,toys-5855,toys,11.51,232
5856,food-5856,food,32.11,17
5857,electronics-5857,electronics,415.86,267
5858,clothing-5858,clothing,261.24,103
5859,books-5859,books,241.00,119
5860,home-5860,home,316.27,343
5861,toys-5861,toys,490.19,322
5862,food-5862,food,166.06,476
5863,electronics-5863,electronics,142.54,157
5864,clothing-5864,clothing,201.67,53
5865,books-5865,books,197.89,446
5866,home-5866,home,378.92,373
5867,toys-5867,toys,352.41,294
5868,food-5868,food,311.76,364
5869,electronics-5869,electronics,325.04,55
5870,clothing-5870,clothing,452.57,466
5871,books-5871,books,448.29,394
5872,home-5872,home,428.55,9
5873,toys-5873,toys,58.27,25
5874,food-5874,food,80.00,82
5875,electronics-5875,electronics,57.94,194
5876,clothing-5876,clothing,126.19,376
5877,books-5877,books,68.09,325
5878,home-5878,home,365.10,230
5879,toys-5879,toys,152.66,361
5880,food-5880,food,196.50,455
5881,electronics-5881,electronics,138.16,286
5882,clothing-5882,clothing,100.87,149
5883,books-5883,books,345.56,367
5884,home-5884,home,380.27,1
5885,toys-5885,toys,398.82,297
5886,food-5886,food,312.16,338
5887,electronics-5887,electronics,497.17,477
5888,clothing-5888,clothing,191.61,135
5889,books-5889,books,429.98,116
5890,home-5890,home,8.74,292
5891,toys-5891,toys,245.50,460
5892,food-5892,food,393.58,201
5893,electronics-5893,electronics,364.96,31
5894,clothing-5894,clothing,272.60,129
5895,books-5895,books,84.42,332
5896,home-5896,home,159.98,18
5897,toys-5897,toys,461.30,72
5898,food-5898,food,109.11,156
5899,electronics-5899,electronics,188.37,90
5900,clothing-5900,clothing,157.50,207
5901,books-5901,books,18.60,146
5902,home-5902,home,265.90,200
5903,toys-5903,toys,404.66,271
5904,food-5904,food,432.99,277
5905,electronics-5905,electronics,140.80,347
5906,clothing-5906,clothing,39.24,106
5907,books-5907,books,343.22,359
5908,home-5908,home,411.17,119
5909,toys-5909,toys,56.57,446
5910,food-5910,food,54.09,261
5911,electronics-5911,electronics,15.64,148
5912,clothing-5912,clothing,110.99,390
5913,books-5913,books,27.30,382
5914,home-5914,home,483.07,206
5915,toys-5915,toys,381.54,436
5916,food-5916,food,231.64,345
5917,electronics-5917,electronics,372.56,299
5918,clothing-5918,clothing,257.74,294
5919,books-5919,books,231.16,181
5920,home-5920,home,13.63,77
5921,toys-5921,toys,429.43,369
5922,food-5922,food,262.44,285
5923,electronics-5923,electronics,330.50,376
5924,clothing-5924,clothing,181.44,420
5925,books-5925,books,238.79,309
5926,home-5926,home,440.12,466
5927,toys-5927,toys,317.28,30
5928,food-5928,food,258.18,398
5929,electronics-5929,electronics,488.65,120
5930,clothing-5930,clothing,303.87,6
5931,books-5931,books,6.23,421
5932,home-5932,home,411.37,64
5933,toys-5933,toys,121.89,438
5934,food-5934,food,302.85,147
5935,electronics-5935,electronics,470.92,389
5936,clothing-5936,clothing,408.32,321
5937,books-5937,books,141.44,274
5938,home-5938,home,415.79,451
5939,toys-5939,toys,428.09,212
5940,food-5940,food,334.38,415
5941,electronics-5941,electronics,30.78,214
5942,clothing-5942,clothing,265.85,448
5943,books-5943,books,317.64,117
5944,home-5944,home,15.56,441
5945,toys-5945,toys,289.24,37
5946,food-5946,food,488.81,447
5947,electronics-5947,electronics,212.54,167
5948,clothing-5948,clothing,318.57,464
5949,books-5949,books,210.30,135
5950,home-5950,home,492.38,183
5951,toys-5951,toys,68.83,81
5952,food-5952,food,260.54,482
5953,electronics-5953,electronics,496.14,320
5954,clothing-5954,clothing,256.46,226
5955,books-5955,books,198.43,16
5956,home-5956,home,477.74,375
5957,toys-5957,toys,200.39,500
5958,food-5958,food,33.00,307
5959,electronics-5959,electronics,70.57,62
5960,clothing-5960,clothing,257.66,424
5961,books-5961,books,393.46,500
5962,home-5962,home,156.91,118
5963,toys-5963,toys,269.52,378
5964,food-5964,food,169.53,476
5965,electronics-5965,electronics,319.86,146
5966,clothing-5966,clothing,337.35,321
5967,books-5967,books,328.96,205
5968,home-5968,home,181.75,232
5969,toys-5969,toys,128.89,85
5970,food-5970,food,147.19,89
5971,electronics-5971,electronics,427.13,173
5972,clothing-5972,clothing,483.65,128
5973,books-5973,books,129.47,87
5974,home-5974,home,420.03,179
5975,toys-5975,toys,269.85,56
5976,food-5976,food,207.07,323
5977,electronics-5977,electronics,365.47,117
5978,clothing-5978,clothing,308.42,244
5979,books-5979,books,386.34,46
5980,home-5980,home,199.40,185
5981,toys-5981,toys,71.32,189
5982,food-5982,food,472.52,229
5983,electronics-5983,electronics,45.98,413
5984,clothing-5984,clothing,353.03,213
5985,books-5985,books,340.71,11
5986,home-5986,home,216.79,418
5987,toys-5987,toys,439.27,146
5988,food-5988,food,45.78,460
5989,electronics-5989,electronics,138.64,194
5990,clothing-5990,clothing,108.67,30
5991,books-5991,books,475.93,369
5992,home-5992,home,460.39,376
5993,toys-5993,toys,74.72,359
5994,food-5994,food,28.77,188
5995,electronics-5995,electronics,285.14,480
5996,clothing-5996,clothing,326.73,303
5997,books-5997,books,364.19,127
5998,home-5998,home,40.53,300
5999,toys-5999,toys,244.95,284
6000,food-6000,food,320.40,450
6001,electronics-6001,electronics,281.78,263
6002,clothing-6002,clothing,22.22,38
6003,books-6003,books,200.61,263
6004,home-6004,home,398.46,42
6005,toys-6005,toys,238.01,228
6006,food-6006,food,482.20,101
6007,electronics-6007,electronics,207.13,428
6008,clothing-6008,clothing,337.82,479
6009,books-6009,books,391.62,101
6010,home-6010,home,189.62,142
6011,toys-6011,toys,479.95,113
6012,food-6012,food,130.63,63
6013,electronics-6013,electronics,375.64,454
6014,clothing-6014,clothing,117.51,255
6015,books-6015,books,330.16,262
6016,home-6016,home,318.47,181
6017,toys-6017,toys,401.71,229
6018,food-6018,food,314.61,155
6019,electronics-6019,electronics,324.08,236
6020,clothing-6020,clothing,302.80,9
6021,books-6021,books,41.42,34
6022,home-6022,home,160.98,430
6023,toys-6023,toys,331.06,73
6024,food-6024,food,376.93,31
6025,electronics-6025,electronics,403.51,46
6026,clothing-6026,clothing,270.37,485
6027,books-6027,books,115.78,153
6028,home-6028,home,470.85,448
6029,toys-6029,toys,173.15,246
6030,food-6030,food,110.72,161
6031,electronics-6031,electronics,302.94,138
6032,clothing-6032,clothing,126.77,190
6033,books-6033,books,371.05,218
6034,home-6034,home,138.16,165
6035,toys-6035,toys,416.57,70
6036,food-6036,food,229.72,7
6037,electronics-6037,electronics,22.66,403
6038,clothing-6038,clothing,349.33,136
6039,books-6039,books,192.63,51
6040,home-6040,home,298.73,373
6041,toys-6041,toys,222.32,259
6042,food-6042,food,348.74,400
6043,electronics-6043,electronics,440.27,45
6044,clothing-6044,clothing,489.90,179
6045,books-6045,books,168.40,65
6046,home-6046,home,121.04,447
6047,toys-6047,toys,214.86,477
6048,food-6048,food,232.59,226
6049,electronics-6049,electronics,414.81,207
6050,clothing-6050,clothing,50.88,25
6051,books-6051,books,64.93,330
6052,home-6052,home,116.17,242
6053,toys-6053,toys,64.85,282
6054,food-6054,food,408.48,148
6055,electronics-6055,electronics,126.06,188
6056,clothing-6056,clothing,249.60,157
6057,books-6057,books,275.69,452
6058,home-6058,home,351.88,248
6059,toys-6059,toys,355.88,231
6060,food-6060,food,447.72,348
6061,electronics-6061,electronics,229.92,220
6062,clothing-6062,clothing,496.48,446
6063,books-6063,books,286.32,204
6064,home-6064,home,215.67,142
6065,toys-6065,toys,303.03,274
6066,food-6066,food,199.32,275
6067,electronics-6067,electronics,223.89,102
6068,clothing-6068,clothing,168.64,247
6069,books-6069,books,101.36,332
6070,home-6070,home,315.22,453
6071,toys-6071,toys,30.93,485
6072,food-6072,food,281.65,229
6073,electronics-6073,electronics,231.67,50
6074,clothing-6074,clothing,490.48,258
6075,books-6075,books,425.06,468
6076,home-6076,home,119.47,326
6077,toys-6077,toys,123.59,370
6078,food-6078,food,219.07,423
6079,electronics-6079,electronics,304.70,392
6080,clothing-6080,clothing,407.26,202
6081,books-6081,books,334.62,154
6082,home-6082,home,15.77,179
6083,toys-6083,toys,22.74,42
6084,food-6084,food,168.91,118
6085,electronics-6085,electronics,350.66,296
6086,clothing-6086,clothing,241.45,380
6087,books-6087,books,393.42,23
6088,home-6088,home,254.40,305
6089,toys-6089,toys,252.53,231
6090,food-6090,food,219.84,18
6091,electronics-6091,electronics,185.53,51
6092,clothing-6092,clothing,310.76,486
6093,books-6093,books,465.62,278
6094,home-6094,home,226.92,21
6095,toys-6095,toys,131.30,242
6096,food-6096,food,100.39,487
6097,electronics-6097,electronics,477.53,63
6098,clothing-6098,clothing,6.84,353
6099,books-6099,books,450.42,15
6100,home-6100,home,205.06,412
6101,toys-6101,toys,464.25,359
6102,food-6102,food,316.36,476
6103,electronics-6103,electronics,460.26,446
6104,clothing-6104,clothing,107.79,117
6105,books-6105,books,332.06,408
6106,home-6106,home,461.25,335
6107,toys-6107,toys,200.41,94
6108,food-6108,food,272.66,68
6109,electronics-6109,electronics,302.65,392
6110,clothing-6110,clothing,79.56,389
6111,books-6111,books,344.25,305
6112,home-6112,home,252.25,322
6113,toys-6113,toys,486.51,181
6114,food-6114,food,103.38,481
6115,electronics-6115,electronics,439.13,455
6116,clothing-6116,clothing,242.24,485
6117,books-6117,books,85.36,136
6118,home-6118,home,480.02,351
6119,toys-6119,toys,204.80,481
6120,food-6120,food,201.12,263
6121,electronics-6121,electronics,140.42,491
6122,clothing-6122,clothing,265.46,410
6123,books-6123,books,39.46,210
6124,home-6124,home,348.58,409
6125,toys-6125,toys,472.21,385
6126,food-6126,food,232.18,42
6127,electronics-6127,electronics,188.40,459
6128,clothing-6128,clothing,346.10,9
6129,books-6129,books,405.52,284
6130,home-6130,home,66.22,399
6131,toys-6131,toys,349.77,118
6132,food-6132,food,134.11,310
6133,electronics-6133,electronics,229.76,346
6134,clothing-6134,clothing,333.32,462
6135,books-6135,books,130.65,142
6136,home-6136,home,425.56,434
6137,toys-6137,toys,261.21,198
6138,food-6138,food,397.61,101
6139,electronics-6139,electronics,200.43,47
6140,clothing-6140,clothing,98.59,45
6141,books-6141,books,34.46,129
6142,home-6142,home,195.54,183
6143,toys-6143,toys,470.13,155
6144,food-6144,food,161.39,448
6145,electronics-6145,electronics,173.50,11
6146,clothing-6146,clothing,17.92,53
6147,books-6147,books,305.89,282
6148,home-6148,home,75.47,299
6149,toys-6149,toys,50.71,146
6150,food-6150,food,419.14,210
6151,electronics-6151,electronics,221.19,477
6152,clothing-6152,clothing,78.62,123
6153,books-6153,books,28.18,432
6154,home-6154,home,429.87,217
6155,toys-6155,toys,466.60,146
6156,food-6156,food,407.89,123
6157,electronics-6157,electronics,129.63,135
6158,clothing-6158,clothing,498.03,419
6159,books-6159,books,294.16,21
6160,home-6160,home,199.93,443
6161,toys-6161,toys,471.46,285
6162,food-6162,food,244.87,277
6163,electronics-6163,electronics,167.76,437
6164,clothing-6164,clothing,284.12,484
6165,books-6165,books,446.26,255
6166,home-6166,home,440.58,54
6167,toys-6167,toys,226.27,334
6168,food-6168,food,393.42,306
6169,electronics-6169,electronics,356.66,382
6170,clothing-6170,clothing,386.84,307
6171,books-6171,books,440.83,318
6172,home-6172,home,406.52,29
6173,toys-6173,toys,93.40,237
6174,food-6174,food,232.51,204
6175,electronics-6175,electronics,201.19,443
6176,clothing-6176,clothing,333.75,365
6177,books-6177,books,153.72,269
6178,home-6178,home,41.67,321
6179,toys-6179,toys,299.76,382
6180,food-6180,food,102.81,5
6181,electronics-6181,electronics,440.37,202
6182,clothing-6182,clothing,487.52,499
6183,books-6183,books,405.89,222
6184,home-6184,home,438.04,124
6185,toys-6185,toys,41.33,168
6186,food-6186,food,374.88,425
6187,electronics-6187,electronics,448.04,428
6188,clothing-6188,clothing,300.96,203
6189,books-6189,books,174.58,428
6190,home-6190,home,154.82,446
6191,toys-6191,toys,315.27,291
6192,food-6192,food,245.29,22
6193,electronics-6193,electronics,53.50,413
6194,clothing-6194,clothing,361.78,464
6195,books-6195,books,398.57,425
6196,home-6196,home,131.71,299
6197,toys-6197,toys,145.08,497
6198,food-6198,food,111.21,394
6199,electronics-6199,electronics,181.54,285
6200,clothing-6200,clothing,291.50,478
6201,books-6201,books,303.59,170
6202,home-6202,home,446.81,493
6203,toys-6203,toys,78.65,217
6204,food-6204,food,275.98,274
6205,electronics-6205,electronics,354.87,354
6206,clothing-6206,clothing,485.40,28
6207,books-6207,books,43.10,451
6208,home-6208,home,391.02,52
6209,toys-6209,toys,134.76,13
6210,food-6210,food,389.62,21
6211,electronics-6211,electronics,114.50,290
6212,clothing-6212,clothing,231.37,151
6213,books-6213,books,22.29,395
6214,home-6214,home,226.14,214
6215,toys-6215,toys,167.41,431
6216,food-6216,food,102.93,61
6217,electronics-6217,electronics,154.25,35
6218,clothing-6218,clothing,451.81,413
6219,books-6219,books,375.96,165
6220,home-6220,home,41.75,99
6221,toys-6221,toys,194.39,300
6222,food-6222,food,290.80,471
6223,electronics-6223,electronics,36.22,358
6224,clothing-6224,clothing,254.95,65
6225,books-6225,books,484.39,223
6226,home-6226,home,286.86,386
6227,toys-6227,toys,94.50,214
6228,food-6228,food,21.28,267
6229,electronics-6229,electronics,27.16,326
6230,clothing-6230,clothing,263.32,151
6231,books-6231,books,447.02,420
6232,home-6232,home,309.79,6
6233,toys-6233,toys,63.47,0
6234,food-6234,food,384.57,494
6235,electronics-6235,electronics,53.75,356
6236,clothing-6236,clothing,369.30,464
6237,books-6237,books,299.48,336
6238,home-6238,home,373.10,325
6239,toys-6239,toys,377.72,108
6240,food-6240,food,206.18,15
6241,electronics-6241,electronics,318.16,384
6242,clothing-6242,clothing,146.12,21
6243,books-6243,books,305.46,78
6244,home-6244,home,397.44,150
6245,toys-6245,toys,62.70,278
6246,food-6246,food,394.18,266
6247,electronics-6247,electronics,115.09,366
6248,clothing-6248,clothing,308.09,354
6249,books-6249,books,73.10,408
6250,home-6250,home,84.79,77
6251,toys-6251,toys,244.80,181
6252,food-6252,food,290.18,34
6253,electronics-6253,electronics,261.35,105
6254,clothing-6254,clothing,412.41,367
6255,books-6255,books,411.10,117
6256,home-6256,home,145.09,142
6257,toys-6257,toys,50.98,198
6258,food-6258,food,280.18,75
6259,electronics-6259,electronics,217.74,466
6260,clothing-6260,clothing,205.79,445
6261,books-6261,books,188.57,448
6262,home-6262,home,273.84,349
6263,toys-6263,toys,478.42,167
6264,food-6264,food,291.24,199
6265,electronics-6265,electronics,456.11,491
6266,clothing-6266,clothing,50.97,120
6267,books-6267,books,444.17,130
6268,home-6268,home,177.30,186
6269,toys-6269,toys,198.60,425
6270,food-6270,food,414.68,366
6271,electronics-6271,electronics,444.15,340
6272,clothing-6272,clothing,136.70,328
6273,books-6273,books,343.16,166
6274,home-6274,home,380.90,435
6275,toys-6275,toys,191.77,228
6276,food-6276,food,240.17,5
6277,electronics-6277,electronics,463.96,43
6278,clothing-6278,clothing,344.35,392
6279,books-6279,books,167.28,73
6280,home-6280,home,462.87,149
6281,toys-6281,toys,497.03,73
6282,food-6282,food,480.33,424
6283,electronics-6283,electronics,82.56,18
6284,clothing-6284,clothing,441.61,261
6285,books-6285,books,84.14,4
6286,home-6286,home,285.83,113
6287,toys-6287,toys,325.95,368
6288,food-6288,food,148.03,296
6289,electronics-6289,electronics,394.63,412
6290,clothing-6290,clothing,160.67,68
6291,books-6291,books,405.40,473
6292,home-6292,home,465.08,464
6293,toys-6293,toys,199.12,320
6294,food-6294,food,444.95,437
6295,electronics-6295,electronics,207.26,328
6296,clothing-6296,clothing,87.06,86
6297,books-6297,books,314.27,121
6298,home-6298,home,465.70,2
6299,toys-6299,toys,265.98,478
6300,food-6300,food,338.81,350
6301,electronics-6301,electronics,365.57,379
6302,clothing-6302,clothing,6.07,341
6303,books-6303,books,215.26,298
6304,home-6304,home,80.50,142
6305,toys-6305,toys,90.34,62
6306,food-6306,food,31.39,274
6307,electronics-6307,electronics,453.61,87
6308,clothing-6308,clothing,26.98,40
6309,books-6309,books,26.09,15
6310,home-6310,home,255.63,58
6311,toys-6311,toys,331.27,58
6312,food-6312,food,449.37,110
6313,electronics-6313,electronics,112.32,476
6314,clothing-6314,clothing,391.33,240
6315,books-6315,books,27.80,380
6316,home-6316,home,222.40,104
6317,toys-6317,toys,366.01,280
6318,food-6318,food,499.61,424
6319,electronics-6319,electronics,227.83,392
6320,clothing-6320,clothing,284.09,69
6321,books-6321,books,159.32,350
6322,home-6322,home,62.48,3
6323,toys-6323,toys,379.82,313
6324,food-6324,food,321.15,201
6325,electronics-6325,electronics,153.63,376
6326,clothing-6326,clothing,6.88,77
6327,books-6327,books,337.98,350
6328,home-6328,home,76.44,394
6329,toys-6329,toys,91.85,34
6330,food-6330,food,490.15,280
6331,electronics-6331,electronics,406.29,374
6332,clothing-6332,clothing,403.96,304
6333,books-6333,books,156.69,393
6334,home-6334,home,150.00,191
6335,toys-6335,toys,272.05,88
6336,food-6336,food,374.13,452
6337,electronics-6337,electronics,317.88,430
6338,clothing-6338,clothing,331.46,428
6339,books-6339,books,498.60,287
6340,home-6340,home,292.97,25
6341,toys-6341,toys,152.70,449
6342,food-6342,food,53.18,104
6343,electronics-6343,electronics,487.42,344
6344,clothing-6344,clothing,300.46,473
6345,books-6345,books,148.82,9
6346,home-6346,home,325.82,230
6347,toys-6347,toys,66.35,312
6348,food-6348,food,271.68,412
6349,electronics-6349,electronics,244.61,124
6350,clothing-6350,clothing,496.28,114
6351,books-6351,books,365.12,214
6352,home-6352,home,135.97,278
6353,toys-6353,toys,452.00,463
6354,food-6354,food,118.70,141
6355,electronics-6355,electronics,169.21,166
6356,clothing-6356,clothing,403.21,430
6357,books-6357,books,367.27,129
6358,home-6358,home,5.67,419
6359,toys-6359,toys,179.48,146
6360,food-6360,food,158.93,356
6361,electronics-6361,electronics,405.32,22
6362,clothing-6362,clothing,497.82,233
6363,books-6363,books,216.15,188
6364,home-6364,home,55.81,154
6365,toys-6365,toys,484.31,127
6366,food-6366,food,450.39,406
6367,electronics-6367,electronics,12.59,278
6368,clothing-6368,clothing,126.18,320
6369,books-6369,books,13.89,8
6370,home-6370,home,301.72,282
6371,toys-6371,toys,239.09,51
6372,food-6372,food,125.04,113
6373,electronics-6373,electronics,208.38,486
6374,clothing-6374,clothing,64.61,283
6375,books-6375,books,299.29,98
6376,home-6376,home,484.12,463
6377,toys-6377,toys,88.77,187
6378,food-6378,food,53.02,354
6379,electronics-6379,electronics,49.89,111
6380,clothing-6380,clothing,104.92,342
6381,books-6381,books,263.97,181
6382,home-6382,home,345.94,458
6383,toys-6383,toys,409.35,198
6384,food-6384,food,368.92,201
6385,electronics-6385,electronics,282.11,127
6386,clothing-6386,clothing,360.16,66
6387,books-6387,books,19.05,391
6388,home-6388,home,237.44,326
6389,toys-6389,toys,370.52,92
6390,food-6390,food,95.74,209
6391,electronics-6391,electronics,374.16,199
6392,clothing-6392,clothing,389.10,305
6393,books-6393,books,12.55,471
6394,home-6394,home,135.02,294
6395,toys-6395,toys,204.73,235
6396,food-6396,food,165.66,133
6397,electronics-6397,electronics,287.89,7
6398,clothing-6398,clothing,423.88,22
6399,books-6399,books,240.96,35
6400,home-6400,home,251.43,206
6401,toys-6401,toys,350.77,141
6402,food-6402,food,154.15,343
6403,electronics-6403,electronics,7.06,220
6404,clothing-6404,clothing,186.01,132
6405,books-6405,books,278.24,485
6406,home-6406,home,81.65,233
6407,toys-6407,toys,438.46,240
6408,food-6408,food,381.08,204
6409,electronics-6409,electronics,58.44,131
6410,clothing-6410,clothing,95.60,154
6411,books-6411,books,221.03,326
6412,home-6412,home,304.76,200
6413,toys-6413,toys,55.73,4
6414,food-6414,food,292.06,161
6415,electronics-6415,electronics,273.48,67
6416,clothing-6416,clothing,92.27,151
6417,books-6417,books,15.31,317
6418,home-6418,home,223.12,69
6419,toys-6419,toys,325.01,412
6420,food-6420,food,110.29,250
6421,electronics-6421,electronics,153.75,275
6422,clothing-6422,clothing,156.41,190
6423,books-6423,books,299.73,3
6424,home-6424,home,291.52,435
6425,toys-6425,toys,28.08,214
6426,food-6426,food,288.73,189
6427,electronics-6427,electronics,499.79,319
6428,clothing-6428,clothing,115.03,334
6429,books-6429,books,10.89,404
6430,home-6430,home,87.52,185
6431,toys-6431,toys,278.17,353
6432,food-6432,food,223.52,47
6433,electronics-6433,electronics,469.25,430
6434,clothing-6434,clothing,131.04,281
6435,books-6435,books,26.92,222
6436,home-6436,home,260.16,344
6437,toys-6437,toys,306.37,284
6438,food-6438,food,422.16,342
6439,electronics-6439,electronics,231.90,207
6440,clothing-6440,clothing,199.76,74
6441,books-6441,books,219.53,16
6442,home-6442,home,200.14,105
6443,toys-6443,toys,40.47,439
6444,food-6444,food,494.50,138
6445,electronics-6445,electronics,246.92,485
6446,clothing-6446,clothing,395.22,332
6447,books-6447,books,430.21,360
6448,home-6448,home,44.71,75
6449,toys-6449,toys,389.96,404
6450,food-6450,food,419.75,373
6451,electronics-6451,electronics,394.35,314
6452,clothing-6452,clothing,366.94,49
6453,books-6453,books,422.28,110
6454,home-6454,home,181.91,490
6455,toys-6455,toys,459.70,343
6456,food-6456,food,303.23,116
6457,electronics-6457,electronics,490.84,342
6458,clothing-6458,clothing,186.52,218
6459,books-6459,books,279.08,170
6460,home-6460,home,344.35,383
6461,toys-6461,toys,392.79,425
6462,food-6462,food,454.98,386
6463,electronics-6463,electronics,149.15,200
6464,clothing-6464,clothing,360.03,489
6465,books-6465,books,203.67,450
6466,home-6466,home,468.82,137
6467,toys-6467,toys,21.16,269
6468,food-6468,food,288.21,320
6469,electronics-6469,electronics,241.13,472
6470,clothing-6470,clothing,321.81,371
6471,books-6471,books,52.23,448
6472,home-6472,home,158.49,115
6473,toys-6473,toys,92.02,439
6474,food-6474,food,250.05,67
6475,electronics-6475,electronics,344.99,357
6476,clothing-6476,clothing,310.64,481
6477,books-6477,books,55.71,27
6478,home-6478,home,275.56,226
6479,toys-6479,toys,21.08,246
6480,food-6480,food,348.98,400
6481,electronics-6481,electronics,101.13,333
6482,clothing-6482,clothing,455.05,280
6483,books-6483,books,23.71,199
6484,home-6484,home,425.55,3
6485,toys-6485,toys,214.76,341
6486,food-6486,food,102.29,397
6487,electronics-6487,electronics,195.08,356
6488,clothing-6488,clothing,129.00,150
6489,books-6489,books,327.16,410
6490,home-6490,home,190.53,117
6491,toys-6491,toys,430.57,367
6492,food-6492,food,112.38,399
6493,electronics-6493,electronics,274.45,407
6494,clothing-6494,clothing,162.01,38
6495,books-6495,books,440.38,15
6496,home-6496,home,429.57,53
6497,toys-6497,toys,215.02,67
6498,food-6498,food,402.22,289
6499,electronics-6499,electronics,258.18,102
6500,clothing-6500,clothing,233.09,158
6501,books-6501,books,363.38,306
6502,home-6502,home,322.98,370
6503,toys-6503,toys,366.83,139
6504,food-6504,food,470.19,497
6505,electronics-6505,electronics,166.21,433
6506,clothing-6506,clothing,471.10,3
6507,books-6507,books,170.24,248
6508,home-6508,home,263.92,253
6509,toys-6509,toys,115.43,152
6510,food-6510,food,339.82,255
6511,electronics-6511,electronics,128.12,367
6512,clothing-6512,clothing,434.60,41
6513,books-6513,books,121.16,50
6514,home-6514,home,300.45,335
6515,toys-6515,toys,477.78,11
6516,food-6516,food,418.93,332
6517,electronics-6517,electronics,202.40,44
6518,clothing-6518,clothing,402.76,483
6519,books-6519,books,241.83,470
6520,home-6520,home,180.63,33
6521,toys-6521,toys,42.46,431
6522,food-6522,food,146.18,180
6523,electronics-6523,electronics,51.87,157
6524,clothing-6524,clothing,436.76,482
6525,books-6525,books,326.73,278
6526,home-6526,home,424.01,415
6527,toys-6527,toys,113.53,484
6528,food-6528,food,197.56,262
6529,electronics-6529,electronics,202.94,362
6530,clothing-6530,clothing,381.91,75
6531,books-6531,books,476.18,10
6532,home-6532,home,484.51,324
6533,toys-6533,toys,438.68,327
6534,food-6534,food,451.03,31
6535,electronics-6535,electronics,376.67,17
6536,clothing-6536,clothing,292.99,113
6537,books-6537,books,295.22,410
6538,home-6538,home,362.82,202
6539,toys-6539,toys,483.48,391
6540,food-6540,food,351.68,347
6541,electronics-6541,electronics,415.88,135
6542,clothing-6542,clothing,237.66,7
6543,books-6543,books,326.77,49
6544,home-6544,home,131.83,310
6545,toys-6545,toys,325.54,424
6546,food-6546,food,178.54,136
6547,electronics-6547,electronics,18.62,351
6548,clothing-6548,clothing,131.81,153
6549,books-6549,books,321.44,481
6550,home-6550,home,253.44,326
6551,toys-6551,toys,369.20,68
6552,food-6552,food,321.67,385
6553,electronics-6553,electronics,94.25,195
6554,clothing-6554,clothing,63.17,89
6555,books-6555,books,304.24,468
6556,home-6556,home,6.69,223
6557,toys-6557,toys,172.68,78
6558,food-6558,food,289.16,169
6559,electronics-6559,electronics,302.54,219
6560,clothing-6560,clothing,103.00,191
6561,books-6561,books,65.62,30
6562,home-6562,home,109.35,98
6563,toys-6563,toys,88.68,1
6564,food-6564,food,129.25,257
6565,electronics-6565,electronics,107.74,410
6566,clothing-6566,clothing,323.38,200
6567,books-6567,books,86.48,48
6568,home-6568,home,378.22,441
6569,toys-6569,toys,299.03,474
6570,food-6570,food,201.10,37
6571,electronics-6571,electronics,87.83,129
6572,clothing-6572,clothing,35.16,108
6573,books-6573,books,65.93,91
6574,home-6574,home,254.03,312
6575,toys-6575,toys,482.13,24
6576,food-6576,food,151.68,129
6577,electronics-6577,electronics,364.92,402
6578,clothing-6578,clothing,281.74,335
6579,books-6579,books,303.32,144
6580,home-6580,home,340.43,80
6581,toys-6581,toys,295.61,218
6582,food-6582,food,310.73,177
6583,electronics-6583,electronics,48.12,80
6584,clothing-6584,clothing,235.42,302
6585,books-6585,books,100.84,310
6586,home-6586,home,5.63,336
6587,toys-6587,toys,271.27,383
6588,food-6588,food,273.90,371
6589,electronics-6589,electronics,54.34,149
6590,clothing-6590,clothing,457.46,65
6591,books-6591,books,40.30,285
6592,home-6592,home,294.81,131
6593,toys-6593,toys,383.32,474
6594,food-6594,food,450.96,24
6595,electronics-6595,electronics,132.44,136
6596,clothing-6596,clothing,21.16,312
6597,books-6597,books,168.57,18
6598,home-6598,home,175.36,403
6599,toys-6599,toys,443.06,88
6600,food-6600,food,34.73,390
6601,electronics-6601,electronics,80.33,1
6602,clothing-6602,clothing,377.98,145
6603,books-6603,books,464.46,27
6604,home-6604,home,104.64,9
6605,toys-6605,toys,198.45,301
6606,food-6606,food,268.83,74
6607,electronics-6607,electronics,461.84,321
6608,clothing-6608,clothing,154.01,57
6609,books-6609,books,435.18,70
6610,home-6610,home,53.45,396
6611,toys-6611,toys,240.94,382
6612,food-6612,food,251.29,36
6613,electronics-6613,electronics,145.66,127
6614,clothing-6614,clothing,99.03,284
6615,books-6615,books,256.62,152
6616,home-6616,home,40.75,491
6617,toys-6617,toys,152.76,41
6618,food-6618,food,453.54,9
6619,electronics-6619,electronics,241.03,125
6620,clothing-6620,clothing,15.94,356
6621,books-6621,books,484.51,213
6622,home-6622,home,225.80,156
6623,toys-6623,toys,190.78,265
6624,food-6624,food,343.73,163
6625,electronics-6625,electronics,99.23,269
6626,clothing-6626,clothing,75.45,240
6627,books-6627,books,366.03,251
6628,home-6628,home,481.62,160
6629,toys-6629,toys,122.40,451
6630,food-6630,food,350.18,241
6631,electronics-6631,electronics,288.91,207
6632,clothing-6632,clothing,90.92,109
6633,books-6633,books,224.85,172
6634,home-6634,home,100.52,258
6635,toys-6635,toys,313.21,8
6636,food-6636,food,156.68,446
6637,electronics-6637,electronics,405.42,370
6638,clothing-6638,clothing,367.69,386
6639,books-6639,books,265.03,72
6640,home-6640,home,286.49,144
6641,toys-6641,toys,224.51,55
6642,food-6642,food,95.50,161
6643,electronics-6643,electronics,482.71,97
6644,clothing-6644,clothing,250.72,117
6645,books-6645,books,64.30,55
6646,home-6646,home,290.96,443
6647,toys-6647,toys,29.93,54
6648,food-6648,food,233.09,209
6649,electronics-6649,electronics,109.16,457
6650,clothing-6650,clothing,404.09,75
6651,books-6651,books,174.24,287
6652,home-6652,home,439.09,471
6653,toys-6653,toys,32.26,91
6654,food-6654,food,445.41,407
6655,electronics-6655,electronics,390.14,207
6656,clothing-6656,clothing,97.34,398
6657,books-6657,books,488.17,226
6658,home-6658,home,416.60,435
6659,toys-6659,toys,109.99,217
6660,food-6660,food,339.72,211
6661,electronics-6661,electronics,190.63,100
6662,clothing-6662,clothing,465.79,251
6663,books-6663,books,487.25,68
6664,home-6664,home,398.45,213
6665,toys-6665,toys,140.86,46
6666,food-6666,food,204.08,216
6667,electronics-6667,electronics,34.72,140
6668,clothing-6668,clothing,338.53,54
6669,books-6669,books,40.24,441
6670,home-6670,home,439.76,309
6671,toys-6671,toys,7.53,15
6672,food-6672,food,494.92,282
6673,electronics-6673,electronics,463.12,104
6674,clothing-6674,clothing,183.07,471
6675,books-6675,books,317.44,471
6676,home-6676,home,68.68,303
6677,toys-6677,toys,244.88,211
6678,food-6678,food,403.27,71
6679,electronics-6679,electronics,28.74,452
6680,clothing-6680,clothing,38.25,97
6681,books-6681,books,96.48,305
6682,home-6682,home,5.43,212
6683,toys-6683,toys,413.05,429
6684,food-6684,food,308.39,251
6685,electronics-6685,electronics,328.69,105
6686,clothing-6686,clothing,310.32,88
6687,books-6687,books,453.91,111
6688,home-6688,home,97.93,206
6689,toys-6689,toys,313.35,474
6690,food-6690,food,110.25,230
6691,electronics-6691,electronics,149.45,322
6692,clothing-6692,clothing,131.93,356
6693,books-6693,books,476.78,201
6694,home-6694,home,232.27,225
6695,toys-6695,toys,192.71,338
6696,food-6696,food,381.59,455
6697,electronics-6697,electronics,234.86,126
6698,clothing-6698,clothing,448.01,494
6699,books-6699,books,5.57,258
6700,home-6700,home,9.11,120
6701,toys-6701,toys,202.12,463
6702,food-6702,food,411.36,283
6703,electronics-6703,electronics,462.57,46
6704,clothing-6704,clothing,417.77,214
6705,books-6705,books,446.17,6
6706,home-6706,home,403.92,321
6707,toys-6707,toys,222.34,278
6708,food-6708,food,433.02,456
6709,electronics-6709,electronics,276.93,126
6710,clothing-6710,clothing,215.81,31
6711,books-6711,books,430.54,220
6712,home-6712,home,70.64,243
6713,toys-6713,toys,89.09,351
6714,food-6714,food,435.72,176
6715,electronics-6715,electronics,176.40,397
6716,clothing-6716,clothing,74.63,138
6717,books-6717,books,114.91,116
6718,home-6718,home,222.62,218
6719,toys-6719,toys,281.90,315
6720,food-6720,food,365.21,497
6721,electronics-6721,electronics,326.16,229
6722,clothing-6722,clothing,306.78,6
6723,books-6723,books,91.79,205
6724,home-6724,home,72.71,134
6725,toys-6725,toys,265.88,156
6726,food-6726,food,311.84,249
6727,electronics-6727,electronics,82.13,404
6728,clothing-6728,clothing,330.86,190
6729,books-6729,books,250.61,197
6730,home-6730,home,314.08,436
6731,toys-6731,toys,421.68,496
6732,food-6732,food,23.29,172
6733,electronics-6733,electronics,229.37,110
6734,clothing-6734,clothing,431.82,167
6735,books-6735,books,186.16,105
6736,home-6736,home,136.62,439
6737,toys-6737,toys,40.63,163
6738,food-6738,food,87.40,476
6739,electronics-6739,electronics,161.36,98
6740,clothing-6740,clothing,9.93,295
6741,books-6741,books,464.73,121
6742,home-6742,home,104.76,61
6743,toys-6743,toys,86.01,482
6744,food-6744,food,442.25,164
6745,electronics-6745,electronics,219.60,467
6746,clothing-6746,clothing,96.50,28
6747,books-6747,books,61.93,291
6748,home-6748,home,203.94,470
6749,toys-6749,toys,73.00,457
6750,food-6750,food,204.08,138
6751,electronics-6751,electronics,27.25,485
6752,clothing-6752,clothing,167.94,322
6753,books-6753,books,215.72,218
6754,home-6754,home,404.48,262
6755,toys-6755,toys,358.20,446
6756,food-6756,food,149.93,256
6757,electronics-6757,electronics,413.16,126
6758,clothing-6758,clothing,105.84,278
6759,books-6759,books,249.50,3
6760,home-6760,home,221.97,368
6761,toys-6761,toys,300.83,473
6762,food-6762,food,321.86,367
6763,electronics-6763,electronics,123.14,233
6764,clothing-6764,clothing,206.84,188
6765,books-6765,books,384.55,476
6766,home-6766,home,287.23,360
6767,toys-6767,toys,375.89,246
6768,food-6768,food,491.69,258
6769,electronics-6769,electronics,352.84,234
6770,clothing-6770,clothing,141.89,436
6771,books-6771,books,294.13,35
6772,home-6772,home,409.33,471
6773,toys-6773,toys,447.83,289
6774,food-6774,food,183.89,69
6775,electronics-6775,electronics,242.90,151
6776,clothing-6776,clothing,481.62,128
6777,books-6777,books,495.59,121
6778,home-6778,home,62.96,435
6779,toys-6779,toys,324.79,44
6780,food-6780,food,395.90,168
6781,electronics-6781,electronics,290.31,104
6782,clothing-6782,clothing,354.25,450
6783,books-6783,books,386.33,16
6784,home-6784,home,189.56,425
6785,toys-6785,toys,22.18,149
6786,food-6786,food,149.00,483
6787,electronics-6787,electronics,135.19,232
6788,clothing-6788,clothing,363.58,111
6789,books-6789,books,303.57,418
6790,home-6790,home,368.75,349
6791,toys-6791,toys,315.37,115
6792,food-6792,food,365.58,112
6793,electronics-6793,electronics,293.15,487
6794,clothing-6794,clothing,114.03,214
6795,books-6795,books,236.91,205
6796,home-6796,home,300.26,65
6797,toys-6797,toys,386.45,404
6798,food-6798,food,313.56,377
6799,electronics-6799,electronics,265.79,274
6800,clothing-6800,clothing,421.49,3
6801,books-6801,books,30.61,87
6802,home-6802,home,89.30,199
6803,toys-6803,toys,428.70,314
6804,food-6804,food,191.39,131
6805,electronics-6805,electronics,339.41,328
6806,clothing-6806,clothing,83.12,335
6807,books-6807,books,25.39,314
6808,home-6808,home,288.01,433
6809,toys-6809,toys,91.01,7
6810,food-6810,food,151.81,18
6811,electronics-6811,electronics,278.90,224
6812,clothing-6812,clothing,221.62,479
6813,books-6813,books,155.34,120
6814,home-6814,home,184.59,291
6815,toys-6815,toys,457.92,206
6816,food-6816,food,163.04,326
6817,electronics-6817,electronics,297.95,349
6818,clothing-6818,clothing,295.19,278
6819,books-6819,books,383.90,22
6820,home-6820,home,84.94,362
6821,toys-6821,toys,235.32,59
6822,food-6822,food,299.72,171
6823,electronics-6823,electronics,133.59,456
6824,clothing-6824,clothing,113.51,413
6825,books-6825,books,282.38,499
6826,home-6826,home,425.85,404
6827,toys-6827,toys,247.75,159
6828,food-6828,food,470.28,379
6829,electronics-6829,electronics,54.07,195
6830,clothing-6830,clothing,236.06,497
6831,books-6831,books,243.70,231
6832,home-6832,home,215.80,343
6833,toys-6833,toys,450.77,216
6834,food-6834,food,341.49,481
6835,electronics-6835,electronics,306.97,267
6836,clothing-6836,clothing,145.70,172
6837,books-6837,books,456.31,60
6838,home-6838,home,491.87,104
6839,toys-6839,toys,413.37,489
6840,food-6840,food,274.49,41
6841,electronics-6841,electronics,397.67,223
6842,clothing-6842,clothing,357.03,412
6843,books-6843,books,220.09,337
6844,home-6844,home,377.92,338
6845,toys-6845,toys,11.45,151
6846,food-6846,food,322.50,473
6847,electronics-6847,electronics,257.26,186
6848,clothing-6848,clothing,43.97,140
6849,books-6849,books,150.83,31
6850,home-6850,home,377.09,103
6851,toys-6851,toys,294.45,142
6852,food-6852,food,431.03,49
6853,electronics-6853,electronics,125.08,262
6854,clothing-6854,clothing,423.45,357
6855,books-6855,books,479.35,110
6856,home-6856,home,364.11,172
6857,toys-6857,toys,298.82,152
6858,food-6858,food,264.72,361
6859,electronics-6859,electronics,278.27,147
6860,clothing-6860,clothing,462.44,432
6861,books-6861,books,481.63,496
6862,home-6862,home,106.76,406
6863,toys-6863,toys,435.56,487
6864,food-6864,food,397.97,204
6865,electronics-6865,electronics,191.88,5
6866,clothing-6866,clothing,154.79,57
6867,books-6867,books,477.07,404
6868,home-6868,home,367.58,57
6869,toys-6869,toys,197.09,127
6870,food-6870,food,436.16,145
6871,electronics-6871,electronics,27.88,318
6872,clothing-6872,clothing,375.53,28
6873,books-6873,books,196.68,45
6874,home-6874,home,85.26,206
6875,toys-6875,toys,356.81,206
6876,food-6876,food,83.93,36
6877,electronics-6877,electronics,153.08,197
6878,clothing-6878,clothing,273.69,227
6879,books-6879,books,326.15,276
6880,home-6880,home,271.97,479
6881,toys-6881,toys,472.68,384
6882,food-6882,food,342.98,318
6883,electronics-6883,electronics,184.92,50
6884,clothing-6884,clothing,23.10,100
6885,books-6885,books,358.44,413
6886,home-6886,home,391.58,405
6887,toys-6887,toys,323.59,63
6888,food-6888,food,239.93,479
6889,electronics-6889,electronics,474.64,322
6890,clothing-6890,clothing,226.44,432
6891,books-6891,books,369.31,225
6892,home-6892,home,413.87,315
6893,toys-6893,toys,464.66,429
6894,food-6894,food,343.84,165
6895,electronics-6895,electronics,183.07,294
6896,clothing-6896,clothing,357.56,61
6897,books-6897,books,13.89,272
6898,home-6898,home,324.29,6
6899,toys-6899,toys,30.21,287
6900,food-6900,food,116.90,53
6901,electronics-6901,electronics,364.93,251
6902,clothing-6902,clothing,344.26,105
6903,books-6903,books,354.72,155
6904,home-6904,home,266.67,392
6905,toys-6905,toys,337.81,66
6906,food-6906,food,223.24,166
6907,electronics-6907,electronics,162.06,196
6908,clothing-6908,clothing,213.01,393
6909,books-6909,books,64.84,156
6910,home-6910,home,253.62,331
6911,toys-6911,toys,437.01,128
6912,food-6912,food,278.49,112
6913,electronics-6913,electronics,279.97,432
6914,clothing-6914,clothing,432.41,282
6915,books-6915,books,157.30,30
6916,home-6916,home,399.74,116
6917,toys-6917,toys,244.14,293
6918,food-6918,food,464.17,499
6919,electronics-6919,electronics,98.31,414
6920,clothing-6920,clothing,459.10,379
6921,books-6921,books,175.38,279
6922,home-6922,home,83.46,78
6923,toys-6923,toys,150.72,402
6924,food-6924,food,289.53,229
6925,electronics-6925,electronics,491.65,242
6926,clothing-6926,clothing,275.51,388
6927,books-6927,books,356.06,406
6928,home-6928,home,207.76,470
6929,toys-6929,toys,468.37,407
6930,food-6930,food,80.44,452
6931,electronics-6931,electronics,136.26,187
6932,clothing-6932,clothing,129.19,450
6933,books-6933,books,254.66,448
6934,home-6934,home,314.55,126
6935,toys-6935,toys,281.80,343
6936,food-6936,food,476.94,217
6937,electronics-6937,electronics,272.20,230
6938,clothing-6938,clothing,407.11,18
6939,books-6939,books,207.80,267
6940,home-6940,home,335.03,475
6941,toys-6941,toys,63.63,460
6942,food-6942,food,475.09,233
6943,electronics-6943,electronics,143.05,38
6944,clothing-6944,clothing,240.09,193
6945,books-6945,books,446.49,252
6946,home-6946,home,62.30,433
6947,toys-6947,toys,157.70,459
6948,food-6948,food,463.59,459
6949,electronics-6949,electronics,29.70,218
6950,clothing-6950,clothing,257.87,321
6951,books-6951,books,90.89,354
6952,home-6952,home,162.95,39
6953,toys-6953,toys,196.86,81
6954,food-6954,food,366.55,313
6955,electronics-6955,electronics,89.56,243
6956,clothing-6956,clothing,460.57,293
6957,books-6957,books,129.58,127
6958,home-6958,home,153.91,36
6959,toys-6959,toys,100.89,262
6960,food-6960,food,415.19,32
6961,electronics-6961,electronics,52.73,226
6962,clothing-6962,clothing,334.51,270
6963,books-6963,books,225.17,319
6964,home-6964,home,34.45,433
6965,toys-6965,toys,190.41,142
6966,food-6966,food,170.44,116
6967,electronics-6967,electronics,100.48,339
6968,clothing-6968,clothing,159.42,145
6969,books-6969,books,94.26,463
6970,home-6970,home,402.17,198
6971,toys-6971,toys,241.28,222
6972,food-6972,food,255.72,413
6973,electronics-6973,electronics,480.14,210
6974,clothing-6974,clothing,249.50,140
6975,books-6975,books,177.11,59
6976,home-6976,home,174.44,467
6977,toys-6977,toys,388.27,420
6978,food-6978,food,25.23,20
6979,electronics-6979,electronics,450.13,367
6980,clothing-6980,clothing,449.40,59
6981,books-6981,books,225.74,35
6982,home-6982,home,73.76,469
6983,toys-6983,toys,401.56,197
6984,food-6984,food,65.18,97
6985,electronics-6985,electronics,147.22,424
6986,clothing-6986,clothing,478.19,406
6987,books-6987,books,483.46,195
6988,home-6988,home,432.04,366
6989,toys-6989,toys,93.22,396
6990,food-6990,food,259.04,69
6991,electronics-6991,electronics,390.06,366
6992,clothing-6992,clothing,155.03,335
6993,books-6993,books,380.17,47
6994,home-6994,home,27.90,322
6995,toys-6995,toys,404.95,447
6996,food-6996,food,355.41,142
6997,electronics-6997,electronics,320.34,195
6998,clothing-6998,clothing,497.69,269
6999,books-6999,books,26.04,392
7000,home-7000,home,444.44,18
7001,toys-7001,toys,33.44,280
7002,food-7002,food,42.76,153
7003,electronics-7003,electronics,320.40,54
7004,clothing-7004,clothing,26.13,228
7005,books-7005,books,105.53,301
7006,home-7006,home,461.07,199
7007,toys-7007,toys,415.36,482
7008,food-7008,food,198.25,427
7009,electronics-7009,electronics,234.06,245
7010,clothing-7010,clothing,411.48,310
7011,books-7011,books,464.69,212
7012,home-7012,home,444.88,481
7013,toys-7013,toys,88.61,259
7014,food-7014,food,104.25,394
7015,electronics-7015,electronics,6.05,9
7016,clothing-7016,clothing,165.11,229
7017,books-7017,books,386.64,396
7018,home-7018,home,46.37,191
7019,toys-7019,toys,213.41,492
7020,food-7020,food,395.80,82
7021,electronics-7021,electronics,26.69,377
7022,clothing-7022,clothing,400.79,449
7023,books-7023,books,149.22,483
7024,home-7024,home,402.94,60
7025,toys-7025,toys,173.56,178
7026,food-7026,food,489.78,425
7027,electronics-7027,electronics,337.13,165
7028,clothing-7028,clothing,455.23,10
7029,books-7029,books,167.51,247
7030,home-7030,home,21.07,69
7031,toys-7031,toys,436.86,327
7032,food-7032,food,23.71,15
7033,electronics-7033,electronics,232.39,29
7034,clothing-7034,clothing,179.07,451
7035,books-7035,books,160.13,47
7036,home-7036,home,393.57,318
7037,toys-7037,toys,351.19,113
7038,food-7038,food,7.73,53
7039,electronics-7039,electronics,453.79,231
7040,clothing-7040,clothing,215.26,240
7041,books-7041,books,223.49,262
7042,home-7042,home,51.20,132
7043,toys-7043,toys,262.55,438
7044,food-7044,food,423.09,124
7045,electronics-7045,electronics,235.75,62
7046,clothing-7046,clothing,352.12,119
7047,books-7047,books,261.07,59
7048,home-7048,home,246.47,140
7049,toys-7049,toys,77.44,300
7050,food-7050,food,241.32,336
7051,electronics-7051,electronics,260.04,41
7052,clothing-7052,clothing,98.16,200
7053,books-7053,books,493.10,488
7054,home-7054,home,238.34,383
7055,toys-7055,toys,127.76,317
7056,food-7056,food,288.35,302
7057,electronics-7057,electronics,221.46,367
7058,clothing-7058,clothing,420.03,287
7059,books-7059,books,64.04,214
7060,home-7060,home,327.26,136
7061,toys-7061,toys,90.61,440
7062,food-7062,food,23.01,93
7063,electronics-7063,electronics,422.02,424
7064,clothing-7064,clothing,478.36,256
7065,books-7065,books,353.17,405
7066,home-7066,home,229.12,243
7067,toys-7067,toys,492.57,271
7068,food-7068,food,420.79,4
7069,electronics-7069,electronics,319.53,240
7070,clothing-7070,clothing,131.59,481
7071,books-7071,books,499.50,394
7072,home-7072,home,447.83,421
7073,toys-7073,toys,454.59,400
7074,food-7074,food,367.02,264
7075,electronics-7075,electronics,212.07,446
7076,clothing-7076,clothing,66.21,447
7077,books-7077,books,497.49,373
7078,home-7078,home,221.55,190
7079,toys-7079,toys,85.18,130
7080,food-7080,food,194.70,109
7081,electronics-7081,electronics,380.77,494
7082,clothing-7082,clothing,266.74,124
7083,books-7083,books,483.16,419
7084,home-7084,home,6.00,142
7085,toys-7085,toys,435.27,31
7086,food-7086,food,126.94,29
7087,electronics-7087,electronics,372.07,87
7088,clothing-7088,clothing,116.46,410
7089,books-7089,books,7.64,298
7090,home-7090,home,438.06,42
7091,toys-7091,toys,272.47,96
7092,food-7092,food,32.46,72
7093,electronics-7093,electronics,272.91,162
7094,clothing-7094,clothing,260.40,377
7095,books-7095,books,186.43,79
7096,home-7096,home,272.27,104
7097,toys-7097,toys,112.02,57
7098,food-7098,food,55.77,413
7099,electronics-7099,electronics,27.88,68
7100,clothing-7100,clothing,489.69,469
7101,books-7101,books,328.75,377
7102,home-7102,home,31.66,253
7103,toys-7103,toys,140.77,70
7104,food-7104,food,470.62,110
7105,electronics-7105,electronics,176.87,86
7106,clothing-7106,clothing,377.70,137
7107,books-7107,books,65.70,199
7108,home-7108,home,341.73,96
7109,toys-7109,toys,190.60,488
7110,food-7110,food,473.10,442
7111,electronics-7111,electronics,78.49,388
7112,clothing-7112,clothing,379.96,103
7113,books-7113,books,405.83,451
7114,home-7114,home,349.42,97
7115,toys-7115,toys,485.56,396
7116,food-7116,food,388.20,104
7117,electronics-7117,electronics,396.44,453
7118,clothing-7118,clothing,454.31,265
7119,books-7119,books,275.04,204
7120,home-7120,home,433.83,144
7121,toys-7121,toys,349.71,47
7122,food-7122,food,401.49,309
7123,electronics-7123,electronics,210.95,464
7124,clothing-7124,clothing,335.22,31
7125,books-7125,books,278.76,480
7126,home-7126,home,313.33,211
7127,toys-7127,toys,69.54,362
7128,food-7128,food,214.32,168
7129,electronics-7129,electronics,264.60,161
7130,clothing-7130,clothing,234.86,125
7131,books-7131,books,178.23,391
7132,home-7132,home,118.29,451
7133,toys-7133,toys,109.30,292
7134,food-7134,food,273.29,408
7135,electronics-7135,electronics,41.49,190
7136,clothing-7136,clothing,61.08,49
7137,books-7137,books,322.50,433
7138,home-7138,home,446.22,324
7139,toys-7139,toys,73.69,193
7140,food-7140,food,183.67,17
7141,electronics-7141,electronics,232.91,135
7142,clothing-7142,clothing,175.18,21
7143,books-7143,books,133.02,465
7144,home-7144,home,142.73,228
7145,toys-7145,toys,422.63,209
7146,food-7146,food,425.71,496
7147,electronics-7147,electronics,116.25,460
7148,clothing-7148,clothing,209.65,402
7149,books-7149,books,192.13,378
7150,home-7150,home,243.18,443
7151,toys-7151,toys,279.71,250
7152,food-7152,food,382.25,343
7153,electronics-7153,electronics,426.75,232
7154,clothing-7154,clothing,194.54,117
7155,books-7155,books,288.73,168
7156,home-7156,home,391.80,396
7157,toys-7157,toys,278.74,392
7158,food-7158,food,78.63,286
7159,electronics-7159,electronics,119.40,378
7160,clothing-7160,clothing,475.95,469
7161,books-7161,books,270.75,236
7162,home-7162,home,417.75,434
7163,toys-7163,toys,214.77,487
7164,food-7164,food,481.13,414
7165,electronics-7165,electronics,251.55,183
7166,clothing-7166,clothing,39.75,112
7167,books-7167,books,41.51,481
7168,home-7168,home,44.77,32
7169,toys-7169,toys,24.07,443
7170,food-7170,food,445.92,242
7171,electronics-7171,electronics,296.86,259
7172,clothing-7172,clothing,360.95,163
7173,books-7173,books,451.80,412
7174,home-7174,home,120.85,165
7175,toys-7175,toys,222.72,477
7176,food-7176,food,275.43,196
7177,electronics-7177,electronics,100.32,7
7178,clothing-7178,clothing,59.94,84
7179,books-7179,books,123.86,49
7180,home-7180,home,114.86,296
7181,toys-7181,toys,252.42,366
7182,food-7182,food,195.34,131
7183,electronics-7183,electronics,307.67,334
7184,clothing-7184,clothing,225.44,125
7185,books-7185,books,312.14,347
7186,home-7186,home,108.70,345
7187,toys-7187,toys,411.64,406
7188,food-7188,food,449.00,79
7189,electronics-7189,electronics,39.11,500
7190,clothing-7190,clothing,17.97,251
7191,books-7191,books,214.79,87
7192,home-7192,home,470.44,31
7193,toys-7193,toys,19.17,420
7194,food-7194,food,430.08,500
7195,electronics-7195,electronics,393.50,456
7196,clothing-7196,clothing,156.93,151
7197,books-7197,books,54.71,135
7198,home-7198,home,437.09,260
7199,toys-7199,toys,159.36,348
7200,food-7200,food,395.19,255
7201,electronics-7201,electronics,212.36,115
7202,clothing-7202,clothing,275.95,469
7203,books-7203,books,470.13,44
7204,home-7204,home,233.05,10
7205,toys-7205,toys,81.10,37
7206,food-7206,food,173.97,88
7207,electronics-7207,electronics,270.31,440
7208,clothing-7208,clothing,331.26,231
7209,books-7209,books,413.53,147
7210,home-7210,home,150.92,475
7211,toys-7211,toys,369.15,378
7212,food-7212,food,480.15,78
7213,electronics-7213,electronics,156.89,128
7214,clothing-7214,clothing,172.88,147
7215,books-7215,books,318.41,388
7216,home-7216,home,490.36,209
7217,toys-7217,toys,115.07,339
7218,food-7218,food,17.01,9
7219,electronics-7219,electronics,402.27,103
7220,clothing-7220,clothing,346.22,83
7221,books-7221,books,6.30,220
7222,home-7222,home,145.85,306
7223,toys-7223,toys,424.22,362
7224,food-7224,food,442.25,165
7225,electronics-7225,electronics,67.35,242
7226,clothing-7226,clothing,10.14,196
7227,books-7227,books,112.05,64
7228,home-7228,home,229.00,302
7229,toys-7229,toys,423.12,375
7230,food-7230,food,88.52,220
7231,electronics-7231,electronics,87.72,434
7232,clothing-7232,clothing,351.92,170
7233,books-7233,books,65.39,197
7234,home-7234,home,418.98,436
7235,toys-7235,toys,260.38,249
7236,food-7236,food,255.68,286
7237,electronics-7237,electronics,470.96,201
7238,clothing-7238,clothing,474.71,402
7239,books-7239,books,18.57,342
7240,home-7240,home,69.16,497
7241,toys-7241,toys,141.89,424
7242,food-7242,food,426.85,304
7243,electronics-7243,electronics,317.70,365
7244,clothing-7244,clothing,402.81,349
7245,books-7245,books,333.73,330
7246,home-7246,home,119.71,31
7247,toys-7247,toys,402.67,63
7248,food-7248,food,433.57,426
7249,electronics-7249,electronics,281.55,43
7250,clothing-7250,clothing,389.03,461
7251,books-7251,books,177.38,202
7252,home-7252,home,494.89,95
7253,toys-7253,toys,445.11,368
7254,food-7254,food,90.40,26
7255,electronics-7255,electronics,26.81,213
7256,clothing-7256,clothing,404.23,100
7257,books-7257,books,211.96,85
7258,home-7258,home,411.48,378
7259,toys-7259,toys,185.71,396
7260,food-7260,food,282.30,352
7261,electronics-7261,electronics,130.96,126
7262,clothing-7262,clothing,24.10,82
7263,books-7263,books,102.87,53
7264,home-7264,home,315.46,147
7265,toys-7265,toys,119.13,200
7266,food-7266,food,33.62,170
7267,electronics-7267,electronics,371.69,64
7268,clothing-7268,clothing,47.31,258
7269,books-7269,books,477.86,227
7270,home-7270,home,434.61,185
7271,toys-7271,toys,6.38,379
7272,food-7272,food,194.37,489
7273,electronics-7273,electronics,92.42,262
7274,clothing-7274,clothing,47.78,41
7275,books-7275,books,488.17,294
7276,home-7276,home,448.34,137
7277,toys-7277,toys,26.52,364
7278,food-7278,food,304.08,472
7279,electronics-7279,electronics,93.57,33
7280,clothing-7280,clothing,361.71,7
7281,books-7281,books,36.45,482
7282,home-7282,home,286.08,223
7283,toys-7283,toys,496.18,470
7284,food-7284,food,64.49,201
7285,electronics-7285,electronics,358.86,267
7286,clothing-7286,clothing,97.08,19
7287,books-7287,books,106.02,253
7288,home-7288,home,327.61,448
7289,toys-7289,toys,270.59,484
7290,food-7290,food,405.34,330
7291,electronics-7291,electronics,440.55,426
7292,clothing-7292,clothing,293.04,58
7293,books-7293,books,422.09,81
7294,home-7294,home,110.05,103
7295,toys-7295,toys,276.32,128
7296,food-7296,food,367.07,150
7297,electronics-7297,electronics,23.20,151
7298,clothing-7298,clothing,430.16,431
7299,books-7299,books,42.81,248
7300,home-7300,home,373.99,404
7301,toys-7301,toys,98.33,127
7302,food-7302,food,166.08,21
7303,electronics-7303,electronics,458.25,242
7304,clothing-7304,clothing,462.71,251
7305,books-7305,books,21.46,152
7306,home-7306,home,200.58,28
7307,toys-7307,toys,263.88,118
7308,food-7308,food,40.83,143
7309,electronics-7309,electronics,264.39,348
7310,clothing-7310,clothing,52.20,312
7311,books-7311,books,195.10,378
7312,home-7312,home,274.18,400
7313,toys-7313,toys,105.44,70
7314,food-7314,food,231.61,8
7315,electronics-7315,electronics,338.99,371
7316,clothing-7316,clothing,382.31,406
7317,books-7317,books,429.98,21
7318,home-7318,home,358.55,154
7319,toys-7319,toys,50.25,134
7320,food-7320,food,256.16,423
7321,electronics-7321,electronics,161.52,58
7322,clothing-7322,clothing,185.51,423
7323,books-7323,books,52.58,484
7324,home-7324,home,305.16,345
7325,toys-7325,toys,365.26,10
7326,food-7326,food,486.05,112
7327,electronics-7327,electronics,115.82,336
7328,clothing-7328,clothing,203.09,52
7329,books-7329,books,142.47,454
7330,home-7330,home,116.07,320
7331,toys-7331,toys,111.23,356
7332,food-7332,food,290.01,245
7333,electronics-7333,electronics,138.67,336
7334,clothing-7334,clothing,468.42,492
7335,books-7335,books,463.57,363
7336,home-7336,home,123.92,12
7337,toys-7337,toys,196.15,86
7338,food-7338,food,183.17,427
7339,electronics-7339,electronics,284.92,499
7340,clothing-7340,clothing,327.78,20
7341,books-7341,books,354.63,386
7342,home-7342,home,348.66,315
7343,toys-7343,toys,90.52,21
7344,food-7344,food,175.28,38
7345,electronics-7345,electronics,255.87,35
7346,clothing-7346,clothing,54.69,380
7347,books-7347,books,189.18,389
7348,home-7348,home,430.85,377
7349,toys-7349,toys,453.06,371
7350,food-7350,food,7.95,177
7351,electronics-7351,electronics,349.84,230
7352,clothing-7352,clothing,338.19,320
7353,books-7353,books,74.72,212
7354,home-7354,home,420.31,39
7355,toys-7355,toys,322.72,490
7356,food-7356,food,480.20,203
7357,electronics-7357,electronics,221.73,364
7358,clothing-7358,clothing,233.63,348
7359,books-7359,books,192.28,232
7360,home-7360,home,54.64,427
7361,toys-7361,toys,326.40,95
7362,food-7362,food,442.03,25
7363,electronics-7363,electronics,224.26,12
7364,clothing-7364,clothing,180.38,122
7365,books-7365,books,445.06,293
7366,home-7366,home,20.07,63
7367,toys-7367,toys,11.26,408
7368,food-7368,food,70.06,94
7369,electronics-7369,electronics,204.86,37
7370,clothing-7370,clothing,357.81,445
7371,books-7371,books,412.38,227
7372,home-7372,home,225.22,216
7373,toys-7373,toys,178.14,165
7374,food-7374,food,281.08,404
7375,electronics-7375,electronics,371.14,371
7376,clothing-7376,clothing,10.21,423
7377,books-7377,books,221.69,314
7378,home-7378,home,329.23,247
7379,toys-7379,toys,49.91,394
7380,food-7380,food,266.09,411
7381,electronics-7381,electronics,279.39,451
7382,clothing-7382,clothing,226.46,435
7383,books-7383,books,279.69,291
7384,home-7384,home,240.48,86
7385,toys-7385,toys,12.46,28
7386,food-7386,food,213.34,59
7387,electronics-7387,electronics,214.62,254
7388,clothing-7388,clothing,483.15,80
7389,books-7389,books,63.65,455
7390,home-7390,home,356.46,243
7391,toys-7391,toys,18.74,244
7392,food-7392,food,332.55,137
7393,electronics-7393,electronics,300.68,335
7394,clothing-7394,clothing,386.81,104
7395,books-7395,books,493.23,151
7396,home-7396,home,154.79,211
7397,toys-7397,toys,99.17,471
7398,food-7398,food,439.95,101
7399,electronics-7399,electronics,217.81,57
7400,clothing-7400,clothing,251.69,183
7401,books-7401,books,314.68,290
7402,home-7402,home,195.34,169
7403,toys-7403,toys,50.26,83
7404,food-7404,food,150.91,464
7405,electronics-7405,electronics,177.05,193
7406,clothing-7406,clothing,363.07,311
7407,books-7407,books,339.20,46
7408,home-7408,home,295.53,331
7409,toys-7409,toys,47.07,125
7410,food-7410,food,291.33,449
7411,electronics-7411,electronics,362.43,232
7412,clothing-7412,clothing,16.07,444
7413,books-7413,books,88.48,211
7414,home-7414,home,378.60,214
7415,toys-7415,toys,78.57,444
7416,food-7416,food,396.77,401
7417,electronics-7417,electronics,84.37,5
7418,clothing-7418,clothing,209.01,113
7419,books-7419,books,479.85,179
7420,home-7420,home,447.50,368
7421,toys-7421,toys,268.03,462
7422,food-7422,food,311.66,195
7423,electronics-7423,electronics,336.51,388
7424,clothing-7424,clothing,133.96,141
7425,books-7425,books,494.31,18
7426,home-7426,home,12.36,301
7427,toys-7427,toys,271.21,273
7428,food-7428,food,348.16,420
7429,electronics-7429,electronics,349.16,339
7430,clothing-7430,clothing,132.91,191
7431,books-7431,books,437.10,42
7432,home-7432,home,150.23,350
7433,toys-7433,toys,40.84,115
7434,food-7434,food,134.52,295
7435,electronics-7435,electronics,309.14,228
7436,clothing-7436,clothing,10.40,420
7437,books-7437,books,490.63,169
7438,home-7438,home,311.32,299
7439,toys-7439,toys,129.12,439
7440,food-7440,food,411.35,462
7441,electronics-7441,electronics,180.10,431
7442,clothing-7442,clothing,331.74,188
7443,books-7443,books,24.77,286
7444,home-7444,home,118.28,312
7445,toys-7445,toys,483.90,24
7446,food-7446,food,248.51,408
7447,electronics-7447,electronics,248.34,332
7448,clothing-7448,clothing,378.63,31
7449,books-7449,books,265.98,308
7450,home-7450,home,67.46,218
7451,toys-7451,toys,162.07,250
7452,food-7452,food,340.25,161
7453,electronics-7453,electronics,238.18,451
7454,clothing-7454,clothing,158.13,339
7455,books-7455,books,303.00,168
7456,home-7456,home,499.07,58
7457,toys-7457,toys,456.72,484
7458,food-7458,food,485.81,45
7459,electronics-7459,electronics,259.52,317
7460,clothing-7460,clothing,387.99,345
7461,books-7461,books,373.15,252
7462,home-7462,home,380.64,158
7463,toys-7463,toys,380.88,67
7464,food-7464,food,296.82,271
7465,electronics-7465,electronics,145.48,404
7466,clothing-7466,clothing,17.49,256
7467,books-7467,books,32.61,362
7468,home-7468,home,96.06,441
7469,toys-7469,toys,346.23,185
7470,food-7470,food,66.37,384
7471,electronics-7471,electronics,294.68,471
7472,clothing-7472,clothing,76.15,268
7473,books-7473,books,240.23,500
7474,home-7474,home,63.51,438
7475,toys-7475,toys,16.79,391
7476,food-7476,food,149.89,412
7477,electronics-7477,electronics,74.60,460
7478,clothing-7478,clothing,200.64,406
7479,books-7479,books,92.78,475
7480,home-7480,home,397.07,108
7481,toys-7481,toys,400.69,280
7482,food-7482,food,172.35,456
7483,electronics-7483,electronics,346.31,286
7484,clothing-7484,clothing,282.43,82
7485,books-7485,books,263.72,266
7486,home-7486,home,352.96,243
7487,toys-7487,toys,50.13,155
7488,food-7488,food,475.95,53
7489,electronics-7489,electronics,476.06,32
7490,clothing-7490,clothing,301.62,422
7491,books-7491,books,11.36,371
7492,home-7492,home,52.39,192
7493,toys-7493,toys,126.77,370
7494,food-7494,food,139.39,412
7495,electronics-7495,electronics,53.27,436
7496,clothing-7496,clothing,478.07,14
7497,books-7497,books,275.15,451
7498,home-7498,home,306.95,495
7499,toys-7499,toys,464.14,83
7500,food-7500,food,234.46,413
7501,electronics-7501,electronics,94.52,219
7502,clothing-7502,clothing,427.44,21
7503,books-7503,books,292.40,163
7504,home-7504,home,405.30,164
7505,toys-7505,toys,416.74,481
7506,food-7506,food,326.13,118
7507,electronics-7507,electronics,238.96,328
7508,clothing-7508,clothing,367.27,95
7509,books-7509,books,154.80,254
7510,home-7510,home,277.40,234
7511,toys-7511,toys,57.44,352
7512,food-7512,food,427.22,313
7513,electronics-7513,electronics,458.53,145
7514,clothing-7514,clothing,452.29,281
7515,books-7515,books,293.71,392
7516,home-7516,home,380.88,176
7517,toys-7517,toys,201.34,104
7518,food-7518,food,56.49,243
7519,electronics-7519,electronics,434.11,384
7520,clothing-7520,clothing,362.32,318
7521,books-7521,books,420.32,481
7522,home-7522,home,298.37,107
7523,toys-7523,toys,493.29,170
7524,food-7524,food,36.13,93
7525,electronics-7525,electronics,239.18,403
7526,clothing-7526,clothing,208.88,5
7527,books-7527,books,388.96,464
7528,home-7528,home,497.71,129
7529,toys-7529,toys,331.50,102
7530,food-7530,food,309.01,256
7531,electronics-7531,electronics,269.28,101
7532,clothing-7532,clothing,396.90,141
7533,books-7533,books,279.78,338
7534,home-7534,home,121.02,443
7535,toys-7535,toys,281.10,113
7536,food-7536,food,303.17,360
7537,electronics-7537,electronics,130.03,275
7538,clothing-7538,clothing,6.91,44
7539,books-7539,books,447.77,102
7540,home-7540,home,375.34,2
7541,toys-7541,toys,55.62,252
7542,food-7542,food,258.81,10
7543,electronics-7543,electronics,111.48,241
7544,clothing-7544,clothing,306.76,333
7545,books-7545,books,241.01,218
7546,home-7546,home,62.20,103
7547,toys-7547,toys,295.48,379
7548,food-7548,food,305.80,369
7549,electronics-7549,electronics,71.32,450
7550,clothing-7550,clothing,23.77,285
7551,books-7551,books,320.40,15
7552,home-7552,home,194.56,48
7553,toys-7553,toys,221.95,196
7554,food-7554,food,202.92,365
7555,electronics-7555,electronics,337.02,408
7556,clothing-7556,clothing,121.41,309
7557,books-7557,books,200.52,278
7558,home-7558,home,110.12,354
7559,toys-7559,toys,432.41,283
7560,food-7560,food,215.78,428
7561,electronics-7561,electronics,235.18,424
7562,clothing-7562,clothing,317.12,290
7563,books-7563,books,445.91,110
7564,home-7564,home,242.31,319
7565,toys-7565,toys,213.43,41
7566,food-7566,food,359.79,441
7567,electronics-7567,electronics,421.19,59
7568,clothing-7568,clothing,441.29,399
7569,books-7569,books,106.66,114
7570,home-7570,home,319.59,401
7571,toys-7571,toys,140.27,366
7572,food-7572,food,334.81,274
7573,electronics-7573,electronics,402.05,287
7574,clothing-7574,clothing,433.05,454
7575,books-7575,books,378.85,84
7576,home-7576,home,21.55,90
7577,toys-7577,toys,341.09,396
7578,food-7578,food,339.96,328
7579,electronics-7579,electronics,33.77,368
7580,clothing-7580,clothing,417.89,290
7581,books-7581,books,38.09,360
7582,home-7582,home,471.42,83
7583,toys-7583,toys,484.13,352
7584,food-7584,food,420.46,347
7585,electronics-7585,electronics,232.12,303
7586,clothing-7586,clothing,147.87,248
7587,books-7587,books,31.74,372
7588,home-7588,home,436.69,440
7589,toys-7589,toys,458.51,21
7590,food-7590,food,207.93,8
7591,electronics-7591,electronics,283.57,446
7592,clothing-7592,clothing,478.42,148
7593,books-7593,books,91.68,110
7594,home-7594,home,157.59,155
7595,toys-7595,toys,215.82,96
7596,food-7596,food,11.48,411
7597,electronics-7597,electronics,333.59,165
7598,clothing-7598,clothing,14.48,250
7599,books-7599,books,138.61,263
7600,home-7600,home,443.69,84
7601,toys-7601,toys,204.41,282
7602,food-7602,food,347.31,467
7603,electronics-7603,electronics,297.63,89
7604,clothing-7604,clothing,428.83,142
7605,books-7605,books,489.62,338
7606,home-7606,home,364.23,38
7607,toys-7607,toys,362.75,376
7608,food-7608,food,430.94,438
7609,electronics-7609,electronics,128.02,481
7610,clothing-7610,clothing,202.40,28
7611,books-7611,books,222.97,455
7612,home-7612,home,346.07,480
7613,toys-7613,toys,253.56,228
7614,food-7614,food,436.29,98
7615,electronics-7615,electronics,478.01,9
7616,clothing-7616,clothing,458.27,347
7617,books-7617,books,362.13,147
7618,home-7618,home,46.84,1
7619,toys-7619,toys,271.07,441
7620,food-7620,food,231.68,192
7621,electronics-7621,electronics,314.60,448
7622,clothing-7622,clothing,301.66,349
7623,books-7623,books,20.30,202
7624,home-7624,home,313.11,476
7625,toys-7625,toys,7.03,317
7626,food-7626,food,81.59,377
7627,electronics-7627,electronics,471.45,21
7628,clothing-7628,clothing,62.79,450
7629,books-7629,books,86.51,471
7630,home-7630,home,89.03,186
7631,toys-7631,toys,388.10,483
7632,food-7632,food,315.97,429
7633,electronics-7633,electronics,438.64,405
7634,clothing-7634,clothing,371.69,405
7635,books-7635,books,215.62,398
7636,home-7636,home,320.97,145
7637,toys-7637,toys,398.42,176
7638,food-7638,food,399.78,51
7639,electronics-7639,electronics,320.15,446
7640,clothing-7640,clothing,130.77,251
7641,books-7641,books,360.83,86
7642,home-7642,home,241.43,432
7643,toys-7643,toys,130.16,24
7644,food-7644,food,71.62,345
7645,electronics-7645,electronics,418.48,192
7646,clothing-7646,clothing,105.90,345
7647,books-7647,books,468.50,292
7648,home-7648,home,200.20,160
7649,toys-7649,toys,35.64,451
7650,food-7650,food,125.24,171
7651,electronics-7651,electronics,435.48,50
7652,clothing-7652,clothing,365.93,206
7653,books-7653,books,287.32,172
7654,home-7654,home,222.65,196
7655,toys-7655,toys,30.44,280
7656,food-7656,food,494.57,428
7657,electronics-7657,electronics,205.02,163
7658,clothing-7658,clothing,471.57,163
7659,books-7659,books,69.31,159
7660,home-7660,home,451.57,0
7661,toys-7661,toys,14.01,108
7662,food-7662,food,473.44,209
7663,electronics-7663,electronics,462.50,22
7664,clothing-7664,clothing,325.71,472
7665,books-7665,books,303.09,186
7666,home-7666,home,442.57,244
7667,toys-7667,toys,347.99,388
7668,food-7668,food,34.87,188
7669,electronics-7669,electronics,449.82,270
7670,clothing-7670,clothing,200.78,428
7671,books-7671,books,137.70,67
7672,home-7672,home,457.20,157
7673,toys-7673,toys,87.99,430
7674,food-7674,food,57.39,248
7675,electronics-7675,electronics,370.41,201
7676,clothing-7676,clothing,40.69,199
7677,books-7677,books,388.66,444
7678,home-7678,home,349.17,164
7679,toys-7679,toys,138.08,168
7680,food-7680,food,73.66,478
7681,electronics-7681,electronics,231.89,257
7682,clothing-7682,clothing,33.72,74
7683,books-7683,books,97.01,29
7684,home-7684,home,169.23,356
7685,toys-7685,toys,70.71,243
7686,food-7686,food,155.89,278
7687,electronics-7687,electronics,79.84,434
7688,clothing-7688,clothing,92.57,321
7689,books-7689,books,194.09,326
7690,home-7690,home,78.49,137
7691,toys-7691,toys,248.98,158
7692,food-7692,food,194.91,150
7693,electronics-7693,electronics,164.46,163
7694,clothing-7694,clothing,185.88,440
7695,books-7695,books,430.76,23
7696,home-7696,home,127.20,488
7697,toys-7697,toys,7.90,176
7698,food-7698,food,167.63,55
7699,electronics-7699,electronics,344.08,66
7700,clothing-7700,clothing,303.00,493
7701,books-7701,books,198.29,148
7702,home-7702,home,195.92,341
7703,toys-7703,toys,185.14,329
7704,food-7704,food,441.58,92
7705,electronics-7705,electronics,7.80,371
7706,clothing-7706,clothing,233.81,316
7707,books-7707,books,97.83,224
7708,home-7708,home,408.04,85
7709,toys-7709,toys,111.37,0
7710,food-7710,food,397.86,302
7711,electronics-7711,electronics,220.40,270
7712,clothing-7712,clothing,274.19,94
7713,books-7713,books,428.14,119
7714,home-7714,home,316.44,388
7715,toys-7715,toys,285.72,209
7716,food-7716,food,410.09,6
7717,electronics-7717,electronics,483.50,400
7718,clothing-7718,clothing,170.78,460
7719,books-7719,books,137.52,308
7720,home-7720,home,350.75,63
7721,toys-7721,toys,372.39,101
7722,food-7722,food,393.15,489
7723,electronics-7723,electronics,105.60,394
7724,clothing-7724,clothing,118.72,273
7725,books-7725,books,446.03,113
7726,home-7726,home,265.23,190
7727,toys-7727,toys,227.48,374
7728,food-7728,food,250.08,471
7729,electronics-7729,electronics,125.30,415
7730,clothing-7730,clothing,301.49,449
7731,books-7731,books,151.11,461
7732,home-7732,home,315.84,0
7733,toys-7733,toys,305.00,419
7734,food-7734,food,337.46,366
7735,electronics-7735,electronics,449.41,66
7736,clothing-7736,clothing,110.48,433
7737,books-7737,books,416.99,120
7738,home-7738,home,368.77,211
7739,toys-7739,toys,460.14,434
7740,food-7740,food,51.90,73
7741,electronics-7741,electronics,432.64,348
7742,clothing-7742,clothing,124.35,63
7743,books-7743,books,147.41,322
7744,home-7744,home,443.10,437
7745,toys-7745,toys,413.61,337
7746,food-7746,food,89.64,266
7747,electronics-7747,electronics,44.56,301
7748,clothing-7748,clothing,250.28,288
7749,books-7749,books,41.62,207
7750,home-7750,home,330.62,139
7751,toys-7751,toys,180.66,310
7752,food-7752,food,97.84,2
7753,electronics-7753,electronics,335.19,443
7754,clothing-7754,clothing,442.50,29
7755,books-7755,books,28.22,74
7756,home-7756,home,363.57,127
7757,toys-7757,toys,306.29,330
7758,food-7758,food,26.36,169
7759,electronics-7759,electronics,203.53,399
7760,clothing-7760,clothing,163.12,312
7761,books-7761,books,387.38,131
7762,home-7762,home,184.38,218
7763,toys-7763,toys,437.21,7
7764,food-7764,food,375.39,378
7765,electronics-7765,electronics,207.40,198
7766,clothing-7766,clothing,426.34,499
7767,books-7767,books,378.76,145
7768,home-7768,home,305.27,380
7769,toys-7769,toys,467.38,141
7770,food-7770,food,72.22,224
7771,electronics-7771,electronics,475.37,46
7772,clothing-7772,clothing,426.38,2
7773,books-7773,books,264.26,163
7774,home-7774,home,322.86,313
7775,toys-7775,toys,212.09,96
7776,food-7776,food,195.44,406
7777,electronics-7777,electronics,29.39,482
7778,clothing-7778,clothing,234.32,353
7779,books-7779,books,132.60,71
7780,home-7780,home,59.23,401
7781,toys-7781,toys,161.05,246
7782,food-7782,food,320.12,474
7783,electronics-7783,electronics,450.32,395
7784,clothing-7784,clothing,415.02,249
7785,books-7785,books,284.48,104
7786,home-7786,home,284.65,354
7787,toys-7787,toys,232.44,164
7788,food-7788,food,282.08,206
7789,electronics-7789,electronics,390.74,400
7790,clothing-7790,clothing,241.64,198
7791,books-7791,books,494.72,133
7792,home-7792,home,476.02,263
7793,toys-7793,toys,349.02,209
7794,food-7794,food,375.43,480
7795,electronics-7795,electronics,162.32,203
7796,clothing-7796,clothing,223.08,345
7797,books-7797,books,323.31,497
7798,home-7798,home,37.60,322
7799,toys-7799,toys,467.80,258
7800,food-7800,food,335.80,128
7801,electronics-7801,electronics,325.25,248
7802,clothing-7802,clothing,402.05,196
7803,books-7803,books,122.58,408
7804,home-7804,home,123.29,83
7805,toys-7805,toys,329.33,87
7806,food-7806,food,79.97,170
7807,electronics-7807,electronics,439.41,469
7808,clothing-7808,clothing,428.56,267
7809,books-7809,books,242.44,477
7810,home-7810,home,169.39,117
7811,toys-7811,toys,434.02,354
7812,food-7812,food,187.70,29
7813,electronics-7813,electronics,263.26,165
7814,clothing-7814,clothing,415.81,126
7815,books-7815,books,458.81,344
7816,home-7816,home,319.52,267
7817,toys-7817,toys,87.09,463
7818,food-7818,food,402.51,491
7819,electronics-7819,electronics,415.63,121
7820,clothing-7820,clothing,291.02,241
7821,books-7821,books,94.68,337
7822,home-7822,home,343.81,72
7823,toys-7823,toys,88.31,297
7824,food-7824,food,120.49,298
7825,electronics-7825,electronics,433.53,153
7826,clothing-7826,clothing,57.04,460
7827,books-7827,books,202.11,254
7828,home-7828,home,277.84,351
7829,toys-7829,toys,368.03,86
7830,food-7830,food,233.22,137
7831,electronics-7831,electronics,392.94,43
7832,clothing-7832,clothing,304.62,120
7833,books-7833,books,32.05,9
7834,home-7834,home,429.35,273
7835,toys-7835,toys,154.93,114
7836,food-7836,food,161.14,235
7837,electronics-7837,electronics,383.11,498
7838,clothing-7838,clothing,134.44,72
7839,books-7839,books,157.27,286
7840,home-7840,home,255.66,95
7841,toys-7841,toys,262.83,119
7842,food-7842,food,392.85,58
7843,electronics-7843,electronics,29.15,273
7844,clothing-7844,clothing,20.36,287
7845,books-7845,books,301.89,262
7846,home-7846,home,180.21,194
7847,toys-7847,toys,339.02,144
7848,food-7848,food,18.37,130
7849,electronics-7849,electronics,437.80,137
7850,clothing-7850,clothing,318.55,148
7851,books-7851,books,456.14,446
7852,home-7852,home,398.37,349
7853,toys-7853,toys,34.52,66
7854,food-7854,food,228.75,402
7855,electronics-7855,electronics,57.50,143
7856,clothing-7856,clothing,120.41,261
7857,books-7857,books,436.59,26
7858,home-7858,home,52.47,7
7859,toys-7859,toys,424.02,384
7860,food-7860,food,336.63,202
7861,electronics-7861,electronics,259.74,252
7862,clothing-7862,clothing,271.44,160
7863,books-7863,books,470.35,42
7864,home-7864,home,239.19,75
7865,toys-7865,toys,321.50,254
7866,food-7866,food,57.53,469
7867,electronics-7867,electronics,188.42,233
7868,clothing-7868,clothing,121.31,189
7869,books-7869,books,178.70,25
7870,home-7870,home,364.72,379
7871,toys-7871,toys,197.00,121
7872,food-7872,food,472.59,201
7873,electronics-7873,electronics,449.61,20
7874,clothing-7874,clothing,252.07,117
7875,books-7875,books,443.85,108
7876,home-7876,home,262.46,289
7877,toys-7877,toys,295.22,249
7878,food-7878,food,267.29,111
7879,electronics-7879,electronics,353.08,315
7880,clothing-7880,clothing,383.69,172
7881,books-7881,books,400.46,402
7882,home-7882,home,434.83,468
7883,toys-7883,toys,394.36,125
7884,food-7884,food,340.55,345
7885,electronics-7885,electronics,449.14,392
7886,clothing-7886,clothing,319.65,87
7887,books-7887,books,283.74,251
7888,home-7888,home,381.71,276
7889,toys-7889,toys,230.87,478
7890,food-7890,food,319.67,411
7891,electronics-7891,electronics,446.59,297
7892,clothing-7892,clothing,284.82,313
7893,books-7893,books,61.55,170
7894,home-7894,home,60.07,266
7895,toys-7895,toys,230.89,409
7896,food-7896,food,347.47,397
7897,electronics-7897,electronics,177.62,446
7898,clothing-7898,clothing,66.90,1
7899,books-7899,books,367.99,120
7900,home-7900,home,12.35,202
7901,toys-7901,toys,17.98,142
7902,food-7902,food,452.43,184
7903,electronics-7903,electronics,61.22,291
7904,clothing-7904,clothing,160.55,287
7905,books-7905,books,217.01,180
7906,home-7906,home,229.86,409
7907,toys-7907,toys,420.05,441
7908,food-7908,food,267.78,156
7909,electronics-7909,electronics,200.61,294
7910,clothing-7910,clothing,464.12,280
7911,books-7911,books,478.82,178
7912,home-7912,home,95.50,493
7913,toys-7913,toys,53.77,206
7914,food-7914,food,444.57,242
7915,electronics-7915,electronics,191.29,156
7916,clothing-7916,clothing,13.64,160
7917,books-7917,books,55.04,431
7918,home-7918,home,149.24,404
7919,toys-7919,toys,403.95,236
7920,food-7920,food,7.50,216
7921,electronics-7921,electronics,112.69,311
7922,clothing-7922,clothing,262.46,67
7923,books-7923,books,428.68,297
7924,home-7924,home,343.93,259
7925,toys-7925,toys,214.71,88
7926,food-7926,food,29.96,41
7927,electronics-7927,electronics,225.34,458
7928,clothing-7928,clothing,13.24,154
7929,books-7929,books,235.70,250
7930,home-7930,home,228.83,380
7931,toys-7931,toys,181.88,99
7932,food-7932,food,189.18,153
7933,electronics-7933,electronics,74.42,295
7934,clothing-7934,clothing,482.08,117
7935,books-7935,books,139.48,377
7936,home-7936,home,158.66,225
7937,toys-7937,toys,123.27,480
7938,food-7938,food,381.97,372
7939,electronics-7939,electronics,187.95,101
7940,clothing-7940,clothing,253.56,387
7941,books-7941,books,254.68,331
7942,home-7942,home,106.63,380
7943,toys-7943,toys,441.34,146
7944,food-7944,food,303.41,9
7945,electronics-7945,electronics,144.01,369
7946,clothing-7946,clothing,455.52,92
7947,books-7947,books,114.33,198
7948,home-7948,home,209.29,487
7949,toys-7949,toys,470.82,51
7950,food-7950,food,100.43,306
7951,electronics-7951,electronics,271.65,207
7952,clothing-7952,clothing,81.62,70
7953,books-7953,books,415.35,305
7954,home-7954,home,331.01,87
7955,toys-7955,toys,24.57,237
7956,food-7956,food,350.90,241
7957,electronics-7957,electronics,431.90,249
7958,clothing-7958,clothing,164.18,175
7959,books-7959,books,234.03,23
7960,home-7960,home,101.32,408
7961,toys-7961,toys,289.86,220
7962,food-7962,food,387.49,22
7963,electronics-7963,electronics,29.01,250
7964,clothing-7964,clothing,441.71,73
7965,books-7965,books,28.86,443
7966,home-7966,home,384.97,155
7967,toys-7967,toys,335.54,340
7968,food-7968,food,376.34,259
7969,electronics-7969,electronics,458.83,456
7970,clothing-7970,clothing,194.38,266
7971,books-7971,books,447.13,66
7972,home-7972,home,476.16,498
7973,toys-7973,toys,263.47,359
7974,food-7974,food,452.45,335
7975,electronics-7975,electronics,177.34,255
7976,clothing-7976,clothing,33.60,458
7977,books-7977,books,484.41,38
7978,home-7978,home,380.44,482
7979,toys-7979,toys,27.67,15
7980,food-7980,food,73.08,144
7981,electronics-7981,electronics,286.41,121
7982,clothing-7982,clothing,149.40,430
7983,books-7983,books,393.02,74
7984,home-7984,home,333.83,273
7985,toys-7985,toys,440.03,138
7986,food-7986,food,400.47,77
7987,electronics-7987,electronics,402.48,247
7988,clothing-7988,clothing,309.87,167
7989,books-7989,books,470.50,79
7990,home-7990,home,129.88,88
7991,toys-7991,toys,256.76,389
7992,food-7992,food,190.68,53
7993,electronics-7993,electronics,361.03,33
7994,clothing-7994,clothing,168.97,171
7995,books-7995,books,379.17,55
7996,home-7996,home,454.27,141
7997,toys-7997,toys,427.16,48
7998,food-7998,food,404.89,341
7999,electronics-7999,electronics,226.42,249
8000,clothing-8000,clothing,55.89,445
8001,books-8001,books,148.62,4
8002,home-8002,home,323.20,79
8003,toys-8003,toys,186.16,327
8004,food-8004,food,80.36,430
8005,electronics-8005,electronics,49.65,263
8006,clothing-8006,clothing,480.12,231
8007,books-8007,books,235.46,358
8008,home-8008,home,350.47,207
8009,toys-8009,toys,487.76,237
8010,food-8010,food,9.82,385
8011,electronics-8011,electronics,470.55,174
8012,clothing-8012,clothing,217.08,82
8013,books-8013,books,460.55,114
8014,home-8014,home,296.31,344
8015,toys-8015,toys,374.10,70
8016,food-8016,food,232.26,475
8017,electronics-8017,electronics,410.53,142
8018,clothing-8018,clothing,197.54,64
8019,books-8019,books,451.30,495
8020,home-8020,home,425.14,376
8021,toys-8021,toys,124.96,376
8022,food-8022,food,184.29,453
8023,electronics-8023,electronics,276.66,250
8024,clothing-8024,clothing,329.46,465
8025,books-8025,books,247.34,335
8026,home-8026,home,493.89,157
8027,toys-8027,toys,236.07,489
8028,food-8028,food,190.64,139
8029,electronics-8029,electronics,100.19,154
8030,clothing-8030,clothing,58.10,409
8031,books-8031,books,356.11,299
8032,home-8032,home,233.77,265
8033,toys-8033,toys,12.25,250
8034,food-8034,food,394.02,178
8035,electronics-8035,electronics,57.99,118
8036,clothing-8036,clothing,33.88,23
8037,books-8037,books,275.52,203
8038,home-8038,home,71.64,476
8039,toys-8039,toys,207.38,338
8040,food-8040,food,333.48,440
8041,electronics-8041,electronics,275.02,108
8042,clothing-8042,clothing,50.53,205
8043,books-8043,books,277.07,395
8044,home-8044,home,183.32,130
8045,toys-8045,toys,42.29,137
8046,food-8046,food,80.92,90
8047,electronics-8047,electronics,81.32,428
8048,clothing-8048,clothing,230.58,458
8049,books-8049,books,29.64,309
8050,home-8050,home,194.27,121
8051,toys-8051,toys,154.21,492
8052,food-8052,food,471.78,333
8053,electronics-8053,electronics,216.37,336
8054,clothing-8054,clothing,159.54,293
8055,books-8055,books,11.90,166
8056,home-8056,home,91.07,12
8057,toys-8057,toys,86.68,432
8058,food-8058,food,242.89,465
8059,electronics-8059,electronics,167.08,168
8060,clothing-8060,clothing,150.99,194
8061,books-8061,books,111.67,500
8062,home-8062,home,320.02,489
8063,toys-8063,toys,13.87,322
8064,food-8064,food,317.14,364
8065,electronics-8065,electronics,165.11,80
8066,clothing-8066,clothing,254.02,114
8067,books-8067,books,119.60,314
8068,home-8068,home,494.07,313
8069,toys-8069,toys,442.57,322
8070,food-8070,food,183.82,92
8071,electronics-8071,electronics,258.93,107
8072,clothing-8072,clothing,356.08,351
8073,books-8073,books,67.86,67
8074,home-8074,home,106.38,50
8075,toys-8075,toys,360.84,107
8076,food-8076,food,90.87,147
8077,electronics-8077,electronics,264.70,355
8078,clothing-8078,clothing,434.36,105
8079,books-8079,books,82.96,285
8080,home-8080,home,209.57,500
8081,toys-8081,toys,116.85,152
8082,food-8082,food,371.71,91
8083,electronics-8083,electronics,499.63,357
8084,clothing-8084,clothing,492.59,277
8085,books-8085,books,394.26,87
8086,home-8086,home,55.52,415
8087,toys-8087,toys,301.19,419
8088,food-8088,food,86.21,75
8089,electronics-8089,electronics,193.03,314
8090,clothing-8090,clothing,80.28,283
8091,books-8091,books,411.33,461
8092,home-8092,home,38.29,31
8093,toys-8093,toys,480.86,52
8094,food-8094,food,387.57,267
8095,electronics-8095,electronics,177.62,456
8096,clothing-8096,clothing,14.41,441
8097,books-8097,books,203.47,377
8098,home-8098,home,161.69,371
8099,toys-8099,toys,387.22,432
8100,food-8100,food,183.10,281
8101,electronics-8101,electronics,384.82,384
8102,clothing-8102,clothing,304.01,319
8103,books-8103,books,246.57,198
8104,home-8104,home,192.74,144
8105,toys-8105,toys,492.61,408
8106,food-8106,food,398.53,463
8107,electronics-8107,electronics,270.39,416
8108,clothing-8108,clothing,480.03,83
8109,books-8109,books,406.98,486
8110,home-8110,home,446.04,205
8111,toys-8111,toys,399.22,146
8112,food-8112,food,161.36,324
8113,electronics-8113,electronics,188.60,279
8114,clothing-8114,clothing,454.17,242
8115,books-8115,books,223.45,69
8116,home-8116,home,443.97,26
8117,toys-8117,toys,281.99,154
8118,food-8118,food,52.64,99
8119,electronics-8119,electronics,89.79,441
8120,clothing-8120,clothing,255.90,143
8121,books-8121,books,483.65,219
8122,home-8122,home,479.20,168
8123,toys-8123,toys,40.90,21
8124,food-8124,food,38.12,292
8125,electronics-8125,electronics,151.12,121
8126,clothing-8126,clothing,34.37,426
8127,books-8127,books,280.33,182
8128,home-8128,home,492.56,368
8129,toys-8129,toys,148.87,213
8130,food-8130,food,63.17,307
8131,electronics-8131,electronics,283.13,84
8132,clothing-8132,clothing,322.64,29
8133,books-8133,books,157.42,463
8134,home-8134,home,260.16,86
8135,toys-8135,toys,24.50,336
8136,food-8136,food,124.57,371
8137,electronics-8137,electronics,177.36,408
8138,clothing-8138,clothing,462.29,180
8139,books-8139,books,367.34,127
8140,home-8140,home,148.57,79
8141,toys-8141,toys,14.05,118
8142,food-8142,food,285.30,385
8143,electronics-8143,electronics,392.99,136
8144,clothing-8144,clothing,133.17,249
8145,books-8145,books,106.87,344
8146,home-8146,home,270.40,87
8147,toys-8147,toys,109.91,469
8148,food-8148,food,102.52,29
8149,electronics-8149,electronics,325.27,169
8150,clothing-8150,clothing,257.77,367
8151,books-8151,books,359.49,299
8152,home-8152,home,499.08,172
8153,toys-8153,toys,366.43,188
8154,food-8154,food,329.02,269
8155,electronics-8155,electronics,190.27,69
8156,clothing-8156,clothing,334.17,350
8157,books-8157,books,485.09,286
8158,home-8158,home,258.35,319
8159,toys-8159,toys,293.88,99
8160,food-8160,food,217.68,444
8161,electronics-8161,electronics,211.17,87
8162,clothing-8162,clothing,179.92,244
8163,books-8163,books,377.78,139
8164,home-8164,home,203.47,337
8165,toys-8165,toys,277.19,327
8166,food-8166,food,152.85,304
8167,electronics-8167,electronics,65.65,500
8168,clothing-8168,clothing,163.74,399
8169,books-8169,books,355.92,463
8170,home-8170,home,128.06,90
8171,toys-8171,toys,91.99,52
8172,food-8172,food,88.41,339
8173,electronics-8173,electronics,234.86,61
8174,clothing-8174,clothing,257.91,230
8175,books-8175,books,244.20,163
8176,home-8176,home,478.56,461
8177,toys-8177,toys,187.34,110
8178,food-8178,food,230.49,65
8179,electronics-8179,electronics,208.53,311
8180,clothing-8180,clothing,40.58,65
8181,books-8181,books,255.52,160
8182,home-8182,home,190.37,497
8183,toys-8183,toys,489.25,498
8184,food-8184,food,275.00,393
8185,electronics-8185,electronics,9.41,315
8186,clothing-8186,clothing,129.60,380
8187,books-8187,books,104.69,449
8188,home-8188,home,344.96,495
8189,toys-8189,toys,467.05,299
8190,food-8190,food,233.11,196
8191,electronics-8191,electronics,396.32,442
8192,clothing-8192,clothing,400.27,480
8193,books-8193,books,430.26,173
8194,home-8194,home,209.84,499
8195,toys-8195,toys,159.37,319
8196,food-8196,food,149.81,492
8197,electronics-8197,electronics,427.10,50
8198,clothing-8198,clothing,361.10,173
8199,books-8199,books,178.79,111
8200,home-8200,home,184.61,493
8201,toys-8201,toys,426.48,206
8202,food-8202,food,376.89,261
8203,electronics-8203,electronics,251.51,387
8204,clothing-8204,clothing,74.89,387
8205,books-8205,books,302.37,299
8206,home-8206,home,355.90,387
8207,toys-8207,toys,462.85,402
8208,food-8208,food,382.60,216
8209,electronics-8209,electronics,363.94,209
8210,clothing-8210,clothing,344.84,353
8211,books-8211,books,430.85,319
8212,home-8212,home,179.39,199
8213,toys-8213,toys,242.72,39
8214,food-8214,food,17.83,329
8215,electronics-8215,electronics,395.24,486
8216,clothing-8216,clothing,145.40,381
8217,books-8217,books,230.57,369
8218,home-8218,home,303.35,340
8219,toys-8219,toys,393.50,240
8220,food-8220,food,130.66,60
8221,electronics-8221,electronics,77.74,8
8222,clothing-8222,clothing,364.37,460
8223,books-8223,books,190.25,304
8224,home-8224,home,414.88,17
8225,toys-8225,toys,124.48,28
8226,food-8226,food,395.19,363
8227,electronics-8227,electronics,431.29,242
8228,clothing-8228,clothing,233.03,352
8229,books-8229,books,299.44,190
8230,home-8230,home,440.43,133
8231,toys-8231,toys,255.63,55
8232,food-8232,food,193.38,261
8233,electronics-8233,electronics,308.36,390
8234,clothing-8234,clothing,431.25,64
8235,books-8235,books,153.77,368
8236,home-8236,home,9.87,121
8237,toys-8237,toys,369.73,247
8238,food-8238,food,97.76,256
8239,electronics-8239,electronics,383.56,256
8240,clothing-8240,clothing,493.11,471
8241,books-8241,books,139.49,383
8242,home-8242,home,485.58,72
8243,toys-8243,toys,135.94,216
8244,food-8244,food,270.17,298
8245,electronics-8245,electronics,463.91,241
8246,clothing-8246,clothing,202.97,473
8247,books-8247,books,369.42,197
8248,home-8248,home,180.60,270
8249,toys-8249,toys,272.58,394
8250,food-8250,food,441.99,427
8251,electronics-8251,electronics,10.52,368
8252,clothing-8252,clothing,9.52,472
8253,books-8253,books,430.54,455
8254,home-8254,home,162.85,328
8255,toys-8255,toys,205.14,344
8256,food-8256,food,464.15,480
8257,electronics-8257,electronics,116.60,274
8258,clothing-8258,clothing,492.10,363
8259,books-8259,books,34.84,389
8260,home-8260,home,324.62,121
8261,toys-8261,toys,239.18,216
8262,food-8262,food,235.66,166
8263,electronics-8263,electronics,234.14,34
8264,clothing-8264,clothing,297.92,440
8265,books-8265,books,253.16,354
8266,home-8266,home,283.05,213
8267,toys-8267,toys,153.80,193
8268,food-8268,food,453.58,173
8269,electronics-8269,electronics,211.89,112
8270,clothing-8270,clothing,335.69,499
8271,books-8271,books,69.32,439
8272,home-8272,home,413.47,263
8273,toys-8273,toys,157.58,191
8274,food-8274,food,60.66,346
8275,electronics-8275,electronics,63.37,157
8276,clothing-8276,clothing,7.77,456
8277,books-8277,books,40.76,293
8278,home-8278,home,458.44,187
8279,toys-8279,toys,488.56,326
8280,food-8280,food,425.69,469
8281,electronics-8281,electronics,254.00,230
8282,clothing-8282,clothing,256.88,253
8283,books-8283,books,407.35,14
8284,home-8284,home,197.71,156
8285,toys-8285,toys,240.13,21
8286,food-8286,food,437.17,101
8287,electronics-8287,electronics,457.53,219
8288,clothing-8288,clothing,292.84,249
8289,books-8289,books,250.05,156
8290,home-8290,home,316.48,203
8291,toys-8291,toys,412.64,151
8292,food-8292,food,374.85,161
8293,electronics-8293,electronics,450.90,59
8294,clothing-8294,clothing,229.53,150
8295,books-8295,books,116.24,179
8296,home-8296,home,257.27,356
8297,toys-8297,toys,397.38,228
8298,food-8298,food,103.23,111
8299,electronics-8299,electronics,39.72,335
8300,clothing-8300,clothing,60.78,68
8301,books-8301,books,411.68,62
8302,home-8302,home,222.38,146
8303,toys-8303,toys,165.49,82
8304,food-8304,food,187.07,5
8305,electronics-8305,electronics,426.64,351
8306,clothing-8306,clothing,125.96,32
8307,books-8307,books,151.01,349
8308,home-8308,home,430.59,220
8309,toys-8309,toys,268.22,173
8310,food-8310,food,187.31,443
8311,electronics-8311,electronics,127.05,182
8312,clothing-8312,clothing,480.02,45
8313,books-8313,books,476.06,293
8314,home-8314,home,74.48,92
8315,toys-8315,toys,206.94,434
8316,food-8316,food,250.17,368
8317,electronics-8317,electronics,153.70,214
8318,clothing-8318,clothing,451.38,380
8319,books-8319,books,71.11,387
8320,home-8320,home,476.79,330
8321,toys-8321,toys,404.51,385
8322,food-8322,food,487.62,293
8323,electronics-8323,electronics,330.63,367
8324,clothing-8324,clothing,37.01,406
8325,books-8325,books,22.28,18
8326,home-8326,home,287.21,446
8327,toys-8327,toys,105.08,31
8328,food-8328,food,208.61,48
8329,electronics-8329,electronics,299.59,202
8330,clothing-8330,clothing,217.82,251
8331,books-8331,books,379.65,231
8332,home-8332,home,325.60,430
8333,toys-8333,toys,231.51,375
8334,food-8334,food,140.23,107
8335,electronics-8335,electronics,316.47,117
8336,clothing-8336,clothing,248.67,440
8337,books-8337,books,273.42,474
8338,home-8338,home,11.12,207
8339,toys-8339,toys,229.30,7
8340,food-8340,food,392.29,402
8341,electronics-8341,electronics,31.76,252
8342,clothing-8342,clothing,498.55,474
8343,books-8343,books,38.65,181
8344,home-8344,home,311.32,338
8345,toys-8345,toys,450.20,235
8346,food-8346,food,280.94,348
8347,electronics-8347,electronics,174.94,115
8348,clothing-8348,clothing,468.86,479
8349,books-8349,books,230.77,129
8350,home-8350,home,46.39,248
8351,toys-8351,toys,69.38,381
8352,food-8352,food,236.47,34
8353,electronics-8353,electronics,145.67,195
8354,clothing-8354,clothing,261.23,315
8355,books-8355,books,12.85,245
8356,home-8356,home,355.50,291
8357,toys-8357,toys,54.58,178
8358,food-8358,food,401.79,464
8359,electronics-8359,electronics,47.14,155
8360,clothing-8360,clothing,386.10,264
8361,books-8361,books,17.92,391
8362,home-8362,home,122.38,259
8363,toys-8363,toys,275.46,292
8364,food-8364,food,266.01,19
8365,electronics-8365,electronics,149.94,165
8366,clothing-8366,clothing,175.28,382
8367,books-8367,books,230.02,146
8368,home-8368,home,478.82,420
8369,toys-8369,toys,76.54,266
8370,food-8370,food,453.06,183
8371,electronics-8371,electronics,160.43,47
8372,clothing-8372,clothing,443.70,93
8373,books-8373,books,430.00,419
8374,home-8374,home,41.42,90
8375,toys-8375,toys,218.72,274
8376,food-8376,food,156.18,298
8377,electronics-8377,electronics,158.22,247
8378,clothing-8378,clothing,46.37,177
8379,books-8379,books,30.58,132
8380,home-8380,home,135.66,331
8381,toys-8381,toys,253.80,233
8382,food-8382,food,413.83,58
8383,electronics-8383,electronics,34.51,2
8384,clothing-8384,clothing,192.04,302
8385,books-8385,books,410.89,220
8386,home-8386,home,317.57,251
8387,toys-8387,toys,429.58,200
8388,food-8388,food,33.90,368
8389,electronics-8389,electronics,264.58,480
8390,clothing-8390,clothing,220.41,2
8391,books-8391,books,320.93,197
8392,home-8392,home,116.36,422
8393,toys-8393,toys,94.93,157
8394,food-8394,food,317.32,245
8395,electronics-8395,electronics,340.32,451
8396,clothing-8396,clothing,68.73,268
8397,books-8397,books,452.19,60
8398,home-8398,home,409.05,366
8399,toys-8399,toys,180.84,60
8400,food-8400,food,28.78,113
8401,electronics-8401,electronics,378.72,60
8402,clothing-8402,clothing,270.61,362
8403,books-8403,books,186.96,154
8404,home-8404,home,24.39,458
8405,toys-8405,toys,434.79,59
8406,food-8406,food,371.91,307
8407,electronics-8407,electronics,407.16,93
8408,clothing-8408,clothing,78.79,265
8409,books-8409,books,31.40,469
8410,home-8410,home,499.22,308
8411,toys-8411,toys,263.73,17
8412,food-8412,food,376.98,205
8413,electronics-8413,electronics,452.58,193
8414,clothing-8414,clothing,416.49,388
8415,books-8415,books,294.52,198
8416,home-8416,home,412.50,52
8417,toys-8417,toys,413.29,463
8418,food-8418,food,216.94,309
8419,electronics-8419,electronics,15.28,35
8420,clothing-8420,clothing,400.02,100
8421,books-8421,books,8.79,240
8422,home-8422,home,148.80,307
8423,toys-8423,toys,473.79,282
8424,food-8424,food,158.84,172
8425,electronics-8425,electronics,313.47,47
8426,clothing-8426,clothing,152.23,274
8427,books-8427,books,418.83,288
8428,home-8428,home,93.99,222
8429,toys-8429,toys,287.73,366
8430,food-8430,food,234.77,285
8431,electronics-8431,electronics,262.05,338
8432,clothing-8432,clothing,46.51,168
8433,books-8433,books,235.27,371
8434,home-8434,home,24.13,412
8435,toys-8435,toys,275.06,475
8436,food-8436,food,5.75,13
8437,electronics-8437,electronics,74.97,335
8438,clothing-8438,clothing,117.48,113
8439,books-8439,books,116.13,374
8440,home-8440,home,420.31,287
8441,toys-8441,toys,205.58,188
8442,food-8442,food,152.73,93
8443,electronics-8443,electronics,51.10,97
8444,clothing-8444,clothing,353.52,89
8445,books-8445,books,130.11,406
8446,home-8446,home,226.96,406
8447,toys-8447,toys,455.64,306
8448,food-8448,food,415.78,403
8449,electronics-8449,electronics,433.92,150
8450,clothing-8450,clothing,201.57,400
8451,books-8451,books,470.67,485
8452,home-8452,home,248.65,213
8453,toys-8453,toys,498.25,8
8454,food-8454,food,178.48,253
8455,electronics-8455,electronics,107.80,441
8456,clothing-8456,clothing,243.71,76
8457,books-8457,books,199.20,491
8458,home-8458,home,297.83,53
8459,toys-8459,toys,496.46,214
8460,food-8460,food,470.33,490
8461,electronics-8461,electronics,366.17,77
8462,clothing-8462,clothing,220.05,121
8463,books-8463,books,42.83,281
8464,home-8464,home,333.28,397
8465,toys-8465,toys,284.22,116
8466,food-8466,food,439.84,68
8467,electronics-8467,electronics,484.25,78
8468,clothing-8468,clothing,78.29,251
8469,books-8469,books,384.56,163
8470,home-8470,home,127.93,179
8471,toys-8471,toys,323.41,309
8472,food-8472,food,256.40,204
8473,electronics-8473,electronics,318.74,362
8474,clothing-8474,clothing,469.63,405
8475,books-8475,books,302.25,455
8476,home-8476,home,63.72,393
8477,toys-8477,toys,292.26,6
8478,food-8478,food,25.05,188
8479,electronics-8479,electronics,237.68,269
8480,clothing-8480,clothing,93.12,445
8481,books-8481,books,460.28,483
8482,home-8482,home,120.56,440
8483,toys-8483,toys,159.84,382
8484,food-8484,food,472.31,91
8485,electronics-8485,electronics,20.76,136
8486,clothing-8486,clothing,77.97,93
8487,books-8487,books,139.70,320
8488,home-8488,home,155.94,115
8489,toys-8489,toys,155.86,16
8490,food-8490,food,239.32,148
8491,electronics-8491,electronics,130.87,187
8492,clothing-8492,clothing,236.23,369
8493,books-8493,books,292.09,137
8494,home-8494,home,230.45,385
8495,toys-8495,toys,108.53,203
8496,food-8496,food,295.49,5
8497,electronics-8497,electronics,451.49,305
8498,clothing-8498,clothing,459.26,398
8499,books-8499,books,163.08,86
8500,home-8500,home,394.16,310
8501,toys-8501,toys,459.86,207
8502,food-8502,food,147.30,439
8503,electronics-8503,electronics,47.91,499
8504,clothing-8504,clothing,332.82,370
8505,books-8505,books,453.50,15
8506,home-8506,home,211.66,280
8507,toys-8507,toys,204.28,233
8508,food-8508,food,188.52,441
8509,electronics-8509,electronics,25.98,277
8510,clothing-8510,clothing,284.41,218
8511,books-8511,books,237.99,5
8512,home-8512,home,282.70,386
8513,toys-8513,toys,420.49,441
8514,food-8514,food,404.18,249
8515,electronics-8515,electronics,336.70,105
8516,clothing-8516,clothing,343.05,92
8517,books-8517,books,95.49,369
8518,home-8518,home,415.56,169
8519,toys-8519,toys,244.46,357
8520,food-8520,food,314.54,121
8521,electronics-8521,electronics,154.32,290
8522,clothing-8522,clothing,461.26,176
8523,books-8523,books,205.16,464
8524,home-8524,home,459.86,498
8525,toys-8525,toys,183.25,370
8526,food-8526,food,191.76,39
8527,electronics-8527,electronics,229.62,376
8528,clothing-8528,clothing,360.98,460
8529,books-8529,books,468.40,23
8530,home-8530,home,283.91,468
8531,toys-8531,toys,359.85,194
8532,food-8532,food,89.34,446
8533,electronics-8533,electronics,206.60,336
8534,clothing-8534,clothing,394.09,394
8535,books-8535,books,486.70,48
8536,home-8536,home,450.21,388
8537,toys-8537,toys,274.91,315
8538,food-8538,food,140.05,167
8539,electronics-8539,electronics,258.09,22
8540,clothing-8540,clothing,207.24,337
8541,books-8541,books,430.52,53
8542,home-8542,home,207.06,194
8543,toys-8543,toys,191.93,254
8544,food-8544,food,440.18,13
8545,electronics-8545,electronics,10.59,80
8546,clothing-8546,clothing,205.58,492
8547,books-8547,books,462.84,130
8548,home-8548,home,354.52,278
8549,toys-8549,toys,442.81,499
8550,food-8550,food,132.66,208
8551,electronics-8551,electronics,334.43,248
8552,clothing-8552,clothing,230.00,233
8553,books-8553,books,79.21,107
8554,home-8554,home,108.21,300
8555,toys-8555,toys,53.04,440
8556,food-8556,food,264.73,426
8557,electronics-8557,electronics,233.99,457
8558,clothing-8558,clothing,110.27,436
8559,books-8559,books,166.07,349
8560,home-8560,home,282.96,477
8561,toys-8561,toys,314.67,240
8562,food-8562,food,215.51,238
8563,electronics-8563,electronics,216.28,252
8564,clothing-8564,clothing,335.36,308
8565,books-8565,books,355.07,413
8566,home-8566,home,154.36,203
8567,toys-8567,toys,65.27,118
8568,food-8568,food,165.13,211
8569,electronics-8569,electronics,133.80,119
8570,clothing-8570,clothing,56.13,147
8571,books-8571,books,364.91,1
8572,home-8572,home,164.24,294
8573,toys-8573,toys,118.33,331
8574,food-8574,food,464.40,0
8575,electronics-8575,electronics,468.05,85
8576,clothing-8576,clothing,450.99,288
8577,books-8577,books,312.00,298
8578,home-8578,home,219.03,296
8579,toys-8579,toys,310.33,140
8580,food-8580,food,410.10,188
8581,electronics-8581,electronics,281.00,65
8582,clothing-8582,clothing,326.60,0
8583,books-8583,books,435.47,462
8584,home-8584,home,378.42,289
8585,toys-8585,toys,430.63,346
8586,food-8586,food,356.70,65
8587,electronics-8587,electronics,219.90,278
8588,clothing-8588,clothing,225.28,291
8589,books-8589,books,335.30,105
8590,home-8590,home,61.01,433
8591,toys-8591,toys,248.49,85
8592,food-8592,food,377.34,146
8593,electronics-8593,electronics,310.67,461
8594,clothing-8594,clothing,158.67,30
8595,books-8595,books,85.40,329
8596,home-8596,home,211.26,315
8597,toys-8597,toys,94.55,294
8598,food-8598,food,455.03,352
8599,electronics-8599,electronics,196.33,290
8600,clothing-8600,clothing,117.72,305
8601,books-8601,books,21.79,462
8602,home-8602,home,187.97,171
8603,toys-8603,toys,140.66,169
8604,food-8604,food,483.61,153
8605,electronics-8605,electronics,408.25,94
8606,clothing-8606,clothing,102.45,275
8607,books-8607,books,146.22,348
8608,home-8608,home,34.03,389
8609,toys-8609,toys,309.97,361
8610,food-8610,food,446.46,127
8611,electronics-8611,electronics,24.04,339
8612,clothing-8612,clothing,350.62,175
8613,books-8613,books,194.82,420
8614,home-8614,home,96.01,488
8615,toys-8615,toys,81.17,137
8616,food-8616,food,465.09,8
8617,electronics-8617,electronics,192.32,244
8618,clothing-8618,clothing,70.55,299
8619,books-8619,books,280.81,123
8620,home-8620,home,389.21,43
8621,toys-8621,toys,371.70,325
8622,food-8622,food,61.79,103
8623,electronics-8623,electronics,195.29,88
8624,clothing-8624,clothing,48.80,174
8625,books-8625,books,74.28,465
8626,home-8626,home,165.79,497
8627,toys-8627,toys,414.74,494
8628,food-8628,food,166.58,19
8629,electronics-8629,electronics,278.34,313
8630,clothing-8630,clothing,408.30,479
8631,books-8631,books,370.36,402
8632,home-8632,home,343.46,316
8633,toys-8633,toys,86.35,120
8634,food-8634,food,436.99,495
8635,electronics-8635,electronics,364.95,487
8636,clothing-8636,clothing,119.50,365
8637,books-8637,books,419.76,9
8638,home-8638,home,111.95,380
8639,toys-8639,toys,400.76,444
8640,food-8640,food,25.22,141
8641,electronics-8641,electronics,281.81,447
8642,clothing-8642,clothing,241.63,92
8643,books-8643,books,377.20,283
8644,home-8644,home,400.02,296
8645,toys-8645,toys,90.48,493
8646,food-8646,food,19.43,459
8647,electronics-8647,electronics,242.45,399
8648,clothing-8648,clothing,350.71,403
8649,books-8649,books,346.27,267
8650,home-8650,home,412.32,277
8651,toys-8651,toys,14.85,6
8652,food-8652,food,373.93,193
8653,electronics-8653,electronics,21.05,208
8654,clothing-8654,clothing,403.04,244
8655,books-8655,books,412.46,247
8656,home-8656,home,106.03,346
8657,toys-8657,toys,165.89,416
8658,food-8658,food,330.47,341
8659,electronics-8659,electronics,180.81,356
8660,clothing-8660,clothing,412.75,12
8661,books-8661,books,174.46,401
8662,home-8662,home,354.56,7
8663,toys-8663,toys,201.50,409
8664,food-8664,food,386.46,228
8665,electronics-8665,electronics,249.95,152
8666,clothing-8666,clothing,466.62,279
8667,books-8667,books,85.29,478
8668,home-8668,home,431.20,29
8669,toys-8669,toys,324.18,25
8670,food-8670,food,107.62,322
8671,electronics-8671,electronics,90.55,341
8672,clothing-8672,clothing,444.04,467
8673,books-8673,books,288.50,270
8674,home-8674,home,302.68,166
8675,toys-8675,toys,397.01,388
8676,food-8676,food,478.60,60
8677,electronics-8677,electronics,252.52,251
8678,clothing-8678,clothing,53.80,322
8679,books-8679,books,192.38,366
8680,home-8680,home,433.32,274
8681,toys-8681,toys,198.71,193
8682,food-8682,food,66.02,490
8683,electronics-8683,electronics,134.20,424
8684,clothing-8684,clothing,257.82,45
8685,books-8685,books,71.77,275
8686,home-8686,home,316.73,489
8687,toys-8687,toys,176.70,403
8688,food-8688,food,446.79,141
8689,electronics-8689,electronics,127.23,301
8690,clothing-8690,clothing,250.91,485
8691,books-8691,books,397.97,379
8692,home-8692,home,32.13,48
8693,toys-8693,toys,271.88,132
8694,food-8694,food,381.72,212
8695,electronics-8695,electronics,214.77,490
8696,clothing-8696,clothing,164.18,381
8697,books-8697,books,317.90,380
8698,home-8698,home,350.03,253
8699,toys-8699,toys,451.66,465
8700,food-8700,food,350.97,19
8701,electronics-8701,electronics,240.17,54
8702,clothing-8702,clothing,37.33,394
8703,books-8703,books,370.76,448
8704,home-8704,home,389.11,83
8705,toys-8705,toys,276.62,56
8706,food-8706,food,137.91,148
8707,electronics-8707,electronics,165.52,325
8708,clothing-8708,clothing,469.63,401
8709,books-8709,books,358.17,445
8710,home-8710,home,415.37,67
8711,toys-8711,toys,302.14,37
8712,food-8712,food,495.42,143
8713,electronics-8713,electronics,119.73,186
8714,clothing-8714,clothing,232.64,49
8715,books-8715,books,477.52,164
8716,home-8716,home,42.27,336
8717,toys-8717,toys,15.81,463
8718,food-8718,food,341.67,300
8719,electronics-8719,electronics,289.11,173
8720,clothing-8720,clothing,21.43,423
8721,books-8721,books,219.37,118
8722,home-8722,home,427.33,370
8723,toys-8723,toys,58.74,297
8724,food-8724,food,262.44,431
8725,electronics-8725,electronics,357.27,135
8726,clothing-8726,clothing,469.98,18
8727,books-8727,books,380.90,17
8728,home-8728,home,352.22,476
8729,toys-8729,toys,141.87,99
8730,food-8730,food,59.10,459
8731,electronics-8731,electronics,453.46,301
8732,clothing-8732,clothing,32.70,169
8733,books-8733,books,40.56,76
8734,home-8734,home,87.74,251
8735,toys-8735,toys,259.41,425
8736,food-8736,food,185.82,141
8737,electronics-8737,electronics,448.35,356
8738,clothing-8738,clothing,317.95,100
8739,books-8739,books,262.46,390
8740,home-8740,home,476.17,472
8741,toys-8741,toys,138.28,242
8742,food-8742,food,249.72,287
8743,electronics-8743,electronics,20.44,184
8744,clothing-8744,clothing,72.57,118
8745,books-8745,books,184.52,64
8746,home-8746,home,265.70,367
8747,toys-8747,toys,90.71,243
8748,food-8748,food,374.52,357
8749,electronics-8749,electronics,204.58,71
8750,clothing-8750,clothing,307.08,492
8751,books-8751,books,205.51,106
8752,home-8752,home,147.13,123
8753,toys-8753,toys,470.87,275
8754,food-8754,food,407.15,175
8755,electronics-8755,electronics,242.52,2
8756,clothing-8756,clothing,197.43,363
8757,books-8757,books,37.75,299
8758,home-8758,home,353.66,429
8759,toys-8759,toys,20.64,305
8760,food-8760,food,447.97,105
8761,electronics-8761,electronics,295.08,77
8762,clothing-8762,clothing,11.44,77
8763,books-8763,books,429.82,306
8764,home-8764,home,69.99,455
8765,toys-8765,toys,309.90,459
8766,food-8766,food,188.31,139
8767,electronics-8767,electronics,103.32,142
8768,clothing-8768,clothing,171.75,315
8769,books-8769,books,212.74,167
8770,home-8770,home,83.29,120
8771,toys-8771,toys,354.80,325
8772,food-8772,food,480.60,190
8773,electronics-8773,electronics,308.36,386
8774,clothing-8774,clothing,485.71,350
8775,books-8775,books,25.71,345
8776,home-8776,home,165.76,242
8777,toys-8777,toys,35.63,242
8778,food-8778,food,444.41,407
8779,electronics-8779,electronics,49.71,404
8780,clothing-8780,clothing,298.12,2
8781,books-8781,books,241.14,47
8782,home-8782,home,33.73,375
8783,toys-8783,toys,23.42,217
8784,food-8784,food,26.53,480
8785,electronics-8785,electronics,38.78,327
8786,clothing-8786,clothing,233.82,275
8787,books-8787,books,247.17,14
8788,home-8788,home,85.54,388
8789,toys-8789,toys,484.87,159
8790,food-8790,food,361.48,408
8791,electronics-8791,electronics,482.38,173
8792,clothing-8792,clothing,320.70,345
8793,books-8793,books,326.08,121
8794,home-8794,home,61.18,226
8795,toys-8795,toys,396.55,254
8796,food-8796,food,456.78,123
8797,electronics-8797,electronics,482.44,239
8798,clothing-8798,clothing,247.11,328
8799,books-8799,books,252.35,259
8800,home-8800,home,317.08,54
8801,toys-8801,toys,291.23,157
8802,food-8802,food,254.57,414
8803,electronics-8803,electronics,76.51,203
8804,clothing-8804,clothing,377.62,277
8805,books-8805,books,465.25,398
8806,home-8806,home,36.60,363
8807,toys-8807,toys,82.78,62
8808,food-8808,food,376.70,108
8809,electronics-8809,electronics,116.88,476
8810,clothing-8810,clothing,18.82,322
8811,books-8811,books,288.45,328
8812,home-8812,home,495.24,429
8813,toys-8813,toys,355.79,473
8814,food-8814,food,408.53,369
8815,electronics-8815,electronics,100.03,430
8816,clothing-8816,clothing,197.29,403
8817,books-8817,books,265.41,210
8818,home-8818,home,229.99,411
8819,toys-8819,toys,186.17,329
8820,food-8820,food,474.64,56
8821,electronics-8821,electronics,202.40,386
8822,clothing-8822,clothing,227.83,99
8823,books-8823,books,165.45,70
8824,home-8824,home,5.40,458
8825,toys-8825,toys,227.87,238
8826,food-8826,food,276.03,350
8827,electronics-8827,electronics,321.38,285
8828,clothing-8828,clothing,324.55,272
8829,books-8829,books,437.21,479
8830,home-8830,home,50.76,193
8831,toys-8831,toys,182.87,178
8832,food-8832,food,6.72,462
8833,electronics-8833,electronics,439.89,69
8834,clothing-8834,clothing,92.41,126
8835,books-8835,books,174.12,314
8836,home-8836,home,261.18,252
8837,toys-8837,toys,87.64,350
8838,food-8838,food,134.48,380
8839,electronics-8839,electronics,82.68,295
8840,clothing-8840,clothing,331.30,261
8841,books-8841,books,318.12,440
8842,home-8842,home,379.25,353
8843,toys-8843,toys,451.31,326
8844,food-8844,food,121.02,235
8845,electronics-8845,electronics,309.67,311
8846,clothing-8846,clothing,230.38,161
8847,books-8847,books,86.44,336
8848,home-8848,home,469.34,39
8849,toys-8849,toys,149.49,136
8850,food-8850,food,263.92,314
8851,electronics-8851,electronics,309.95,400
8852,clothing-8852,clothing,375.43,335
8853,books-8853,books,65.30,160
8854,home-8854,home,159.39,267
8855,toys-8855,toys,146.79,10
8856,food-8856,food,468.16,424
8857,electronics-8857,electronics,190.42,209
8858,clothing-8858,clothing,340.07,131
8859,books-8859,books,422.30,218
8860,home-8860,home,11.80,453
8861,toys-8861,toys,150.24,230
8862,food-8862,food,251.27,304
8863,electronics-8863,electronics,403.49,157
8864,clothing-8864,clothing,88.95,447
8865,books-8865,books,391.63,389
8866,home-8866,home,499.40,70
8867,toys-8867,toys,129.38,411
8868,food-8868,food,124.23,177
8869,electronics-8869,electronics,397.44,392
8870,clothing-8870,clothing,203.55,120
8871,books-8871,books,279.96,393
8872,home-8872,home,150.67,17
8873,toys-8873,toys,465.89,349
8874,food-8874,food,32.06,148
8875,electronics-8875,electronics,119.95,101
8876,clothing-8876,clothing,290.22,414
8877,books-8877,books,412.72,149
8878,home-8878,home,468.79,240
8879,toys-8879,toys,112.23,59
8880,food-8880,food,406.12,255
8881,electronics-8881,electronics,455.21,406
8882,clothing-8882,clothing,349.13,466
8883,books-8883,books,61.19,136
8884,home-8884,home,447.66,434
8885,toys-8885,toys,454.65,389
8886,food-8886,food,131.34,349
8887,electronics-8887,electronics,154.36,283
8888,clothing-8888,clothing,330.30,250
8889,books-8889,books,316.60,427
8890,home-8890,home,23.48,28
8891,toys-8891,toys,484.89,361
8892,food-8892,food,47.13,251
8893,electronics-8893,electronics,161.59,494
8894,clothing-8894,clothing,402.44,89
8895,books-8895,books,187.29,284
8896,home-8896,home,296.79,150
8897,toys-8897,toys,374.97,492
8898,food-8898,food,212.94,124
8899,electronics-8899,electronics,249.38,106
8900,clothing-8900,clothing,391.10,305
8901,books-8901,books,434.46,11
8902,home-8902,home,16.27,259
8903,toys-8903,toys,262.74,452
8904,food-8904,food,446.08,103
8905,electronics-8905,electronics,102.43,198
8906,clothing-8906,clothing,397.41,385
8907,books-8907,books,209.75,312
8908,home-8908,home,311.05,172
8909,toys-8909,toys,190.75,332
8910,food-8910,food,104.25,310
8911,electronics-8911,electronics,309.37,426
8912,clothing-8912,clothing,416.67,136
8913,books-8913,books,499.98,102
8914,home-8914,home,15.15,216
8915,toys-8915,toys,423.12,409
8916,food-8916,food,256.16,481
8917,electronics-8917,electronics,186.25,198
8918,clothing-8918,clothing,226.01,122
8919,books-8919,books,308.27,72
8920,home-8920,home,271.86,423
8921,toys-8921,toys,266.07,228
8922,food-8922,food,98.57,478
8923,electronics-8923,electronics,184.44,182
8924,clothing-8924,clothing,308.87,307
8925,books-8925,books,206.38,55
8926,home-8926,home,475.36,187
8927,toys-8927,toys,479.21,420
8928,food-8928,food,234.16,298
8929,electronics-8929,electronics,340.41,42
8930,clothing-8930,clothing,241.10,251
8931,books-8931,books,156.40,320
8932,home-8932,home,223.76,64
8933,toys-8933,toys,336.72,243
8934,food-8934,food,331.52,276
8935,electronics-8935,electronics,237.79,232
8936,clothing-8936,clothing,69.51,25
8937,books-8937,books,23.83,325
8938,home-8938,home,233.80,114
8939,toys-8939,toys,105.58,306
8940,food-8940,food,382.33,113
8941,electronics-8941,electronics,492.36,386
8942,clothing-8942,clothing,161.68,16
8943,books-8943,books,82.46,129
8944,home-8944,home,222.07,226
8945,toys-8945,toys,378.08,70
8946,food-8946,food,131.27,312
8947,electronics-8947,electronics,122.81,306
8948,clothing-8948,clothing,492.79,52
8949,books-8949,books,305.46,67
8950,home-8950,home,292.31,209
8951,toys-8951,toys,280.77,237
8952,food-8952,food,11.02,494
8953,electronics-8953,electronics,81.50,310
8954,clothing-8954,clothing,239.17,15
8955,books-8955,books,300.05,59
8956,home-8956,home,235.05,194
8957,toys-8957,toys,442.15,171
8958,food-8958,food,459.25,460
8959,electronics-8959,electronics,318.49,61
8960,clothing-8960,clothing,204.60,112
8961,books-8961,books,370.70,274
8962,home-8962,home,307.42,279
8963,toys-8963,toys,17.69,381
8964,food-8964,food,49.26,39
8965,electronics-8965,electronics,70.77,156
8966,clothing-8966,clothing,363.95,302
8967,books-8967,books,212.44,27
8968,home-8968,home,332.90,175
8969,toys-8969,toys,379.04,284
8970,food-8970,food,307.67,419
8971,electronics-8971,electronics,168.65,52
8972,clothing-8972,clothing,279.40,267
8973,books-8973,books,446.92,187
8974,home-8974,home,244.69,69
8975,toys-8975,toys,351.01,442
8976,food-8976,food,442.81,415
8977,electronics-8977,electronics,391.24,101
8978,clothing-8978,clothing,290.92,404
8979,books-8979,books,365.25,95
8980,home-8980,home,164.50,465
8981,toys-8981,toys,361.85,218
8982,food-8982,food,102.82,332
8983,electronics-8983,electronics,394.52,383
8984,clothing-8984,clothing,206.24,429
8985,books-8985,books,378.43,411
8986,home-8986,home,451.71,452
8987,toys-8987,toys,348.57,380
8988,food-8988,food,408.76,42
8989,electronics-8989,electronics,483.00,467
8990,clothing-8990,clothing,232.86,414
8991,books-8991,books,126.85,239
8992,home-8992,home,406.66,35
8993,toys-8993,toys,171.66,236
8994,food-8994,food,241.45,456
8995,electronics-8995,electronics,215.09,201
8996,clothing-8996,clothing,436.48,347
8997,books-8997,books,175.73,471
8998,home-8998,home,323.97,385
8999,toys-8999,toys,122.06,399
9000,food-9000,food,247.56,207
9001,electronics-9001,electronics,280.59,48
9002,clothing-9002,clothing,443.32,438
9003,books-9003,books,237.55,245
9004,home-9004,home,302.07,243
9005,toys-9005,toys,297.65,19
9006,food-9006,food,229.57,180
9007,electronics-9007,electronics,77.26,474
9008,clothing-9008,clothing,269.14,235
9009,books-9009,books,140.03,147
9010,home-9010,home,228.64,225
9011,toys-9011,toys,174.17,149
9012,food-9012,food,395.80,291
9013,electronics-9013,electronics,416.75,81
9014,clothing-9014,clothing,456.78,27
9015,books-9015,books,351.19,337
9016,home-9016,home,450.95,133
9017,toys-9017,toys,423.41,377
9018,food-9018,food,39.94,328
9019,electronics-9019,electronics,254.35,225
9020,clothing-9020,clothing,416.36,449
9021,books-9021,books,298.27,258
9022,home-9022,home,88.44,474
9023,toys-9023,toys,113.30,408
9024,food-9024,food,52.65,21
9025,electronics-9025,electronics,121.05,132
9026,clothing-9026,clothing,275.50,220
9027,books-9027,books,235.72,317
9028,home-9028,home,283.58,317
9029,toys-9029,toys,469.51,426
9030,food-9030,food,42.05,33
9031,electronics-9031,electronics,384.26,258
9032,clothing-9032,clothing,478.35,160
9033,books-9033,books,397.35,232
9034,home-9034,home,255.21,69
9035,toys-9035,toys,370.05,143
9036,food-9036,food,497.39,226
9037,electronics-9037,electronics,237.15,354
9038,clothing-9038,clothing,114.23,116
9039,books-9039,books,399.18,399
9040,home-9040,home,160.28,433
9041,toys-9041,toys,499.29,127
9042,food-9042,food,306.46,265
9043,electronics-9043,electronics,349.79,362
9044,clothing-9044,clothing,43.99,253
9045,books-9045,books,269.94,31
9046,home-9046,home,246.76,346
9047,toys-9047,toys,103.86,217
9048,food-9048,food,254.76,97
9049,electronics-9049,electronics,45.47,254
9050,clothing-9050,clothing,427.26,396
9051,books-9051,books,364.08,163
9052,home-9052,home,35.77,181
9053,toys-9053,toys,134.53,263
9054,food-9054,food,23.96,418
9055,electronics-9055,electronics,404.85,31
9056,clothing-9056,clothing,341.55,155
9057,books-9057,books,54.81,210
9058,home-9058,home,261.50,69
9059,toys-9059,toys,293.44,125
9060,food-9060,food,200.43,6
9061,electronics-9061,electronics,412.41,341
9062,clothing-9062,clothing,256.80,183
9063,books-9063,books,70.23,428
9064,home-9064,home,144.58,437
9065,toys-9065,toys,232.14,258
9066,food-9066,food,330.20,468
9067,electronics-9067,electronics,165.03,220
9068,clothing-9068,clothing,446.52,451
9069,books-9069,books,45.91,217
9070,home-9070,home,96.57,331
9071,toys-9071,toys,207.12,388
9072,food-9072,food,293.30,383
9073,electronics-9073,electronics,474.15,461
9074,clothing-9074,clothing,138.07,166
9075,books-9075,books,230.10,57
9076,home-9076,home,353.16,488
9077,toys-9077,toys,463.72,440
9078,food-9078,food,191.27,137
9079,electronics-9079,electronics,443.80,214
9080,clothing-9080,clothing,148.52,500
9081,books-9081,books,186.27,403
9082,home-9082,home,175.21,47
9083,toys-9083,toys,94.14,218
9084,food-9084,food,175.95,10
9085,electronics-9085,electronics,268.80,55
9086,clothing-9086,clothing,48.61,414
9087,books-9087,books,207.95,98
9088,home-9088,home,363.49,371
9089,toys-9089,toys,290.18,383
9090,food-9090,food,241.92,403
9091,electronics-9091,electronics,361.70,405
9092,clothing-9092,clothing,482.51,292
9093,books-9093,books,252.79,115
9094,home-9094,home,31.04,329
9095,toys-9095,toys,289.82,275
9096,food-9096,food,265.54,242
9097,electronics-9097,electronics,261.56,321
9098,clothing-9098,clothing,253.58,367
9099,books-9099,books,17.58,406
9100,home-9100,home,270.89,427
9101,toys-9101,toys,306.86,105
9102,food-9102,food,140.44,479
9103,electronics-9103,electronics,294.40,279
9104,clothing-9104,clothing,192.24,30
9105,books-9105,books,48.36,393
9106,home-9106,home,252.30,355
9107,toys-9107,toys,305.73,480
9108,food-9108,food,202.85,359
9109,electronics-9109,electronics,363.35,180
9110,clothing-9110,clothing,434.79,382
9111,books-9111,books,315.80,47
9112,home-9112,home,122.74,407
9113,toys-9113,toys,129.13,390
9114,food-9114,food,230.15,219
9115,electronics-9115,electronics,204.23,361
9116,clothing-9116,clothing,378.37,93
9117,books-9117,books,414.01,269
9118,home-9118,home,203.79,456
9119,toys-9119,toys,463.50,308
9120,food-9120,food,495.97,466
9121,electronics-9121,electronics,35.82,482
9122,clothing-9122,clothing,206.46,469
9123,books-9123,books,213.88,487
9124,home-9124,home,171.46,298
9125,toys-9125,toys,60.97,212
9126,food-9126,food,490.15,487
9127,electronics-9127,electronics,200.79,219
9128,clothing-9128,clothing,492.45,291
9129,books-9129,books,301.48,253
9130,home-9130,home,122.57,260
9131,toys-9131,toys,60.97,75
9132,food-9132,food,373.94,183
9133,electronics-9133,electronics,288.75,459
9134,clothing-9134,clothing,273.85,350
9135,books-9135,books,367.41,321
9136,home-9136,home,445.35,149
9137,toys-9137,toys,140.97,78
9138,food-9138,food,294.87,266
9139,electronics-9139,electronics,99.43,148
9140,clothing-9140,clothing,482.56,64
9141,books-9141,books,120.84,280
9142,home-9142,home,141.33,339
9143,toys-9143,toys,47.05,144
9144,food-9144,food,261.01,398
9145,electronics-9145,electronics,433.11,1
9146,clothing-9146,clothing,308.27,41
9147,books-9147,books,147.15,441
9148,home-9148,home,11.99,449
9149,toys-9149,toys,257.23,243
9150,food-9150,food,67.41,463
9151,electronics-9151,electronics,307.52,414
9152,clothing-9152,clothing,272.64,76
9153,books-9153,books,92.43,54
9154,home-9154,home,98.41,462
9155,toys-9155,toys,131.92,236
9156,food-9156,food,324.00,59
9157,electronics-9157,electronics,175.36,480
9158,clothing-9158,clothing,60.83,94
9159,books-9159,books,128.10,481
9160,home-9160,home,141.23,299
9161,toys-9161,toys,68.29,115
9162,food-9162,food,7.96,197
9163,electronics-9163,electronics,222.70,345
9164,clothing-9164,clothing,205.45,79
9165,books-9165,books,327.37,111
9166,home-9166,home,206.37,9
9167,toys-9167,toys,282.56,473
9168,food-9168,food,339.48,158
9169,electronics-9169,electronics,471.18,380
9170,clothing-9170,clothing,278.90,379
9171,books-9171,books,380.05,141
9172,home-9172,home,125.59,386
9173,toys-9173,toys,183.45,308
9174,food-9174,food,362.76,307
9175,electronics-9175,electronics,23.90,139
9176,clothing-9176,clothing,326.48,67
9177,books-9177,books,6.99,326
9178,home-9178,home,371.53,323
9179,toys-9179,toys,249.64,379
9180,food-9180,food,356.80,443
9181,electronics-9181,electronics,342.13,320
9182,clothing-9182,clothing,387.21,127
9183,books-9183,books,29.49,207
9184,home-9184,home,436.03,332
9185,toys-9185,toys,120.66,87
9186,food-9186,food,126.02,326
9187,electronics-9187,electronics,177.89,196
9188,clothing-9188,clothing,22.03,291
9189,books-9189,books,31.65,89
9190,home-9190,home,474.65,440
9191,toys-9191,toys,276.42,332
9192,food-9192,food,87.73,87
9193,electronics-9193,electronics,426.37,159
9194,clothing-9194,clothing,246.63,407
9195,books-9195,books,328.16,31
9196,home-9196,home,213.94,58
9197,toys-9197,toys,392.71,170
9198,food-9198,food,30.33,4
9199,electronics-9199,electronics,40.97,198
9200,clothing-9200,clothing,132.26,119
9201,books-9201,books,389.94,228
9202,home-9202,home,203.23,21
9203,toys-9203,toys,101.11,383
9204,food-9204,food,71.05,283
9205,electronics-9205,electronics,462.83,10
9206,clothing-9206,clothing,426.17,123
9207,books-9207,books,232.06,477
9208,home-9208,home,101.35,386
9209,toys-9209,toys,170.36,97
9210,food-9210,food,258.02,497
9211,electronics-9211,electronics,488.91,462
9212,clothing-9212,clothing,462.75,160
9213,books-9213,books,213.25,312
9214,home-9214,home,398.05,32
9215,toys-9215,toys,31.71,288
9216,food-9216,food,423.46,24
9217,electronics-9217,electronics,457.60,471
9218,clothing-9218,clothing,262.39,190
9219,books-9219,books,363.41,305
9220,home-9220,home,234.28,445
9221,toys-9221,toys,279.21,364
9222,food-9222,food,35.04,62
9223,electronics-9223,electronics,489.77,293
9224,clothing-9224,clothing,292.60,248
9225,books-9225,books,452.46,395
9226,home-9226,home,301.24,292
9227,toys-9227,toys,72.37,371
9228,food-9228,food,417.65,390
9229,electronics-9229,electronics,377.38,210
9230,clothing-9230,clothing,47.37,442
9231,books-9231,books,334.17,66
9232,home-9232,home,339.69,145
9233,toys-9233,toys,262.63,53
9234,food-9234,food,61.68,48
9235,electronics-9235,electronics,43.74,260
9236,clothing-9236,clothing,112.43,434
9237,books-9237,books,199.09,180
9238,home-9238,home,199.93,265
9239,toys-9239,toys,194.13,366
9240,food-9240,food,17.57,438
9241,electronics-9241,electronics,160.76,146
9242,clothing-9242,clothing,59.99,454
9243,books-9243,books,336.29,47
9244,home-9244,home,273.38,232
9245,toys-9245,toys,386.69,19
9246,food-9246,food,406.28,482
9247,electronics-9247,electronics,426.70,469
9248,clothing-9248,clothing,271.10,30
9249,books-9249,books,467.45,132
9250,home-9250,home,53.24,427
9251,toys-9251,toys,251.02,422
9252,food-9252,food,298.70,382
9253,electronics-9253,electronics,28.82,209
9254,clothing-9254,clothing,347.76,53
9255,books-9255,books,394.92,319
9256,home-9256,home,325.19,294
9257,toys-9257,toys,203.94,235
9258,food-9258,food,76.81,349
9259,electronics-9259,electronics,83.51,8
9260,clothing-9260,clothing,237.26,409
9261,books-9261,books,315.12,264
9262,home-9262,home,253.53,60
9263,toys-9263,toys,348.86,268
9264,food-9264,food,162.72,461
9265,electronics-9265,electronics,150.76,460
9266,clothing-9266,clothing,327.92,269
9267,books-9267,books,103.49,301
9268,home-9268,home,224.70,228
9269,toys-9269,toys,274.80,406
9270,food-9270,food,413.02,393
9271,electronics-9271,electronics,147.32,342
9272,clothing-9272,clothing,264.35,191
9273,books-9273,books,177.22,19
9274,home-9274,home,109.26,325
9275,toys-9275,toys,19.93,119
9276,food-9276,food,16.39,476
9277,electronics-9277,electronics,366.88,266
9278,clothing-9278,clothing,44.97,74
9279,books-9279,books,306.77,405
9280,home-9280,home,282.14,240
9281,toys-9281,toys,77.92,180
9282,food-9282,food,71.24,435
9283,electronics-9283,electronics,22.89,24
9284,clothing-9284,clothing,458.36,431
9285,books-9285,books,139.86,244
9286,home-9286,home,82.43,133
9287,toys-9287,toys,191.04,487
9288,food-9288,food,164.81,52
9289,electronics-9289,electronics,168.67,288
9290,clothing-9290,clothing,352.95,72
9291,books-9291,books,139.17,64
9292,home-9292,home,149.01,141
9293,toys-9293,toys,304.79,63
9294,food-9294,food,269.77,348
9295,electronics-9295,electronics,178.76,210
9296,clothing-9296,clothing,309.41,366
9297,books-9297,books,148.64,190
9298,home-9298,home,86.00,411
9299,toys-9299,toys,481.23,129
9300,food-9300,food,82.60,283
9301,electronics-9301,electronics,70.13,426
9302,clothing-9302,clothing,36.24,159
9303,books-9303,books,287.95,281
9304,home-9304,home,409.86,78
9305,toys-9305,toys,319.10,228
9306,food-9306,food,15.21,334
9307,electronics-9307,electronics,421.99,257
9308,clothing-9308,clothing,496.15,488
9309,books-9309,books,488.82,422
9310,home-9310,home,24.41,155
9311,toys-9311,toys,123.60,0
9312,food-9312,food,313.63,468
9313,electronics-9313,electronics,357.12,305
9314,clothing-9314,clothing,229.41,397
9315,books-9315,books,441.91,106
9316,home-9316,home,464.81,9
9317,toys-9317,toys,259.38,104
9318,food-9318,food,426.45,115
9319,electronics-9319,electronics,154.70,54
9320,clothing-9320,clothing,203.63,195
9321,books-9321,books,178.82,215
9322,home-9322,home,209.55,234
9323,toys-9323,toys,173.10,38
9324,food-9324,food,73.35,144
9325,electronics-9325,electronics,177.60,146
9326,clothing-9326,clothing,288.51,246
9327,books-9327,books,338.61,499
9328,home-9328,home,133.13,78
9329,toys-9329,toys,93.79,393
9330,food-9330,food,63.16,232
9331,electronics-9331,electronics,84.81,204
9332,clothing-9332,clothing,61.88,430
9333,books-9333,books,172.26,412
9334,home-9334,home,326.82,434
9335,toys-9335,toys,405.41,363
9336,food-9336,food,150.49,1
9337,electronics-9337,electronics,128.40,107
9338,clothing-9338,clothing,378.15,412
9339,books-9339,books,108.16,123
9340,home-9340,home,288.03,373
9341,toys-9341,toys,284.75,230
9342,food-9342,food,144.68,278
9343,electronics-9343,electronics,100.73,142
9344,clothing-9344,clothing,277.92,29
9345,books-9345,books,268.97,265
9346,home-9346,home,255.88,453
9347,toys-9347,toys,324.78,149
9348,food-9348,food,190.54,457
9349,electronics-9349,electronics,258.74,313
9350,clothing-9350,clothing,267.65,434
9351,books-9351,books,125.62,246
9352,home-9352,home,21.67,162
9353,toys-9353,toys,422.90,190
9354,food-9354,food,123.35,289
9355,electronics-9355,electronics,225.05,261
9356,clothing-9356,clothing,54.10,360
9357,books-9357,books,320.53,45
9358,home-9358,home,197.68,20
9359,toys-9359,toys,117.70,368
9360,food-9360,food,210.84,315
9361,electronics-9361,electronics,374.73,101
9362,clothing-9362,clothing,462.01,61
9363,books-9363,books,399.86,336
9364,home-9364,home,92.70,415
9365,toys-9365,toys,51.77,59
9366,food-9366,food,334.00,135
9367,electronics-9367,electronics,16.92,82
9368,clothing-9368,clothing,267.08,324
9369,books-9369,books,189.37,6
9370,home-9370,home,216.16,106
9371,toys-9371,toys,433.14,128
9372,food-9372,food,226.84,18
9373,electronics-9373,electronics,347.11,165
9374,clothing-9374,clothing,460.89,264
9375,books-9375,books,112.73,17
9376,home-9376,home,51.16,0
9377,toys-9377,toys,438.70,218
9378,food-9378,food,491.85,336
9379,electronics-9379,electronics,144.26,487
9380,clothing-9380,clothing,16.53,342
9381,books-9381,books,391.96,465
9382,home-9382,home,208.29,477
9383,toys-9383,toys,59.62,392
9384,food-9384,food,173.62,257
9385,electronics-9385,electronics,156.84,19
9386,clothing-9386,clothing,266.47,216
9387,books-9387,books,453.21,357
9388,home-9388,home,464.04,387
9389,toys-9389,toys,360.84,120
9390,food-9390,food,195.10,453
9391,electronics-9391,electronics,378.68,321
9392,clothing-9392,clothing,381.49,272
9393,books-9393,books,484.93,220
9394,home-9394,home,492.69,99
9395,toys-9395,toys,278.99,149
9396,food-9396,food,480.84,271
9397,electronics-9397,electronics,7.66,153
9398,clothing-9398,clothing,459.09,363
9399,books-9399,books,110.47,15
9400,home-9400,home,231.22,430
9401,toys-9401,toys,431.70,338
9402,food-9402,food,357.21,237
9403,electronics-9403,electronics,168.14,168
9404,clothing-9404,clothing,76.37,259
9405,books-9405,books,82.65,413
9406,home-9406,home,489.97,467
9407,toys-9407,toys,268.80,357
9408,food-9408,food,250.92,89
9409,electronics-9409,electronics,202.94,195
9410,clothing-9410,clothing,92.84,134
9411,books-9411,books,46.47,222
9412,home-9412,home,323.76,481
9413,toys-9413,toys,269.53,185
9414,food-9414,food,495.79,198
9415,electronics-9415,electronics,387.48,275
9416,clothing-9416,clothing,46.53,163
9417,books-9417,books,56.37,258
9418,home-9418,home,301.58,106
9419,toys-9419,toys,201.40,120
9420,food-9420,food,48.64,218
9421,electronics-9421,electronics,100.71,254
9422,clothing-9422,clothing,417.91,408
9423,books-9423,books,210.86,282
9424,home-9424,home,457.35,86
9425,toys-9425,toys,91.25,176
9426,food-9426,food,344.87,196
9427,electronics-9427,electronics,242.15,69
9428,clothing-9428,clothing,217.25,259
9429,books-9429,books,452.67,465
9430,home-9430,home,370.52,290
9431,toys-9431,toys,479.01,68
9432,food-9432,food,58.40,386
9433,electronics-9433,electronics,356.89,98
9434,clothing-9434,clothing,42.50,105
9435,books-9435,books,417.39,495
9436,home-9436,home,214.62,222
9437,toys-9437,toys,11.89,203
9438,food-9438,food,151.48,331
9439,electronics-9439,electronics,39.68,38
9440,clothing-9440,clothing,93.21,440
9441,books-9441,books,415.31,469
9442,home-9442,home,21.17,465
9443,toys-9443,toys,467.72,198
9444,food-9444,food,14.21,3
9445,electronics-9445,electronics,407.73,465
9446,clothing-9446,clothing,329.69,417
9447,books-9447,books,319.43,318
9448,home-9448,home,50.33,16
9449,toys-9449,toys,421.79,261
9450,food-9450,food,9.95,435
9451,electronics-9451,electronics,60.88,113
9452,clothing-9452,clothing,422.89,159
9453,books-9453,books,141.44,414
9454,home-9454,home,89.60,480
9455,toys-9455,toys,95.98,491
9456,food-9456,food,134.31,354
9457,electronics-9457,electronics,284.85,248
9458,clothing-9458,clothing,257.78,481
9459,books-9459,books,410.09,381
9460,home-9460,home,33.83,290
9461,toys-9461,toys,70.77,84
9462,food-9462,food,131.69,222
9463,electronics-9463,electronics,122.70,163
9464,clothing-9464,clothing,261.52,114
9465,books-9465,books,159.80,330
9466,home-9466,home,103.01,383
9467,toys-9467,toys,464.81,115
9468,food-9468,food,292.94,361
9469,electronics-9469,electronics,109.14,413
9470,clothing-9470,clothing,236.58,325
9471,books-9471,books,335.39,173
9472,home-9472,home,98.22,477
9473,toys-9473,toys,26.38,301
9474,food-9474,food,147.83,193
9475,electronics-9475,electronics,14.87,497
9476,clothing-9476,clothing,323.49,491
9477,books-9477,books,379.38,482
9478,home-9478,home,67.12,212
9479,toys-9479,toys,134.68,183
9480,food-9480,food,80.11,40
9481,electronics-9481,electronics,164.77,273
9482,clothing-9482,clothing,372.19,417
9483,books-9483,books,101.64,26
9484,home-9484,home,109.35,255
9485,toys-9485,toys,55.33,65
9486,food-9486,food,480.79,111
9487,electronics-9487,electronics,430.10,185
9488,clothing-9488,clothing,481.83,317
9489,books-9489,books,168.98,73
9490,home-9490,home,493.48,108
9491,toys-9491,toys,357.40,318
9492,food-9492,food,309.09,77
9493,electronics-9493,electronics,381.25,289
9494,clothing-9494,clothing,379.05,146
9495,books-9495,books,462.79,249
9496,home-9496,home,53.80,1
9497,toys-9497,toys,105.12,219
9498,food-9498,food,62.80,455
9499,electronics-9499,electronics,248.46,402
9500,clothing-9500,clothing,412.77,371
9501,books-9501,books,95.96,50
9502,home-9502,home,112.08,175
9503,toys-9503,toys,231.90,283
9504,food-9504,food,452.08,337
9505,electronics-9505,electronics,281.82,446
9506,clothing-9506,clothing,146.49,337
9507,books-9507,books,467.12,418
9508,home-9508,home,25.04,235
9509,toys-9509,toys,58.13,147
9510,food-9510,food,264.51,250
9511,electronics-9511,electronics,441.25,406
9512,clothing-9512,clothing,53.97,469
9513,books-9513,books,384.33,185
9514,home-9514,home,39.93,219
9515,toys-9515,toys,230.81,40
9516,food-9516,food,57.98,383
9517,electronics-9517,electronics,58.48,133
9518,clothing-9518,clothing,16.47,281
9519,books-9519,books,159.76,126
9520,home-9520,home,346.73,474
9521,toys-9521,toys,59.46,27
9522,food-9522,food,87.12,198
9523,electronics-9523,electronics,161.44,159
9524,clothing-9524,clothing,478.80,314
9525,books-9525,books,50.25,236
9526,home-9526,home,159.35,299
9527,toys-9527,toys,37.64,89
9528,food-9528,food,331.46,221
9529,electronics-9529,electronics,302.29,444
9530,clothing-9530,clothing,308.26,282
9531,books-9531,books,28.77,355
9532,home-9532,home,59.19,459
9533,toys-9533,toys,294.26,73
9534,food-9534,food,302.76,327
9535,electronics-9535,electronics,381.54,480
9536,clothing-9536,clothing,288.98,10
9537,books-9537,books,302.60,343
9538,home-9538,home,109.20,30
9539,toys-9539,toys,369.25,80
9540,food-9540,food,438.24,329
9541,electronics-9541,electronics,207.28,478
9542,clothing-9542,clothing,481.19,280
9543,books-9543,books,331.52,8
9544,home-9544,home,180.31,231
9545,toys-9545,toys,33.52,31
9546,food-9546,food,279.28,377
9547,electronics-9547,electronics,232.06,445
9548,clothing-9548,clothing,75.78,231
9549,books-9549,books,293.00,79
9550,home-9550,home,417.28,445
9551,toys-9551,toys,379.77,3
9552,food-9552,food,368.44,477
9553,electronics-9553,electronics,489.34,29
9554,clothing-9554,clothing,441.27,243
9555,books-9555,books,391.15,344
9556,home-9556,home,247.84,62
9557,toys-9557,toys,195.59,270
9558,food-9558,food,276.34,126
9559,electronics-9559,electronics,22.96,222
9560,clothing-9560,clothing,427.24,197
9561,books-9561,books,489.76,373
9562,home-9562,home,66.45,4
9563,toys-9563,toys,36.64,200
9564,food-9564,food,448.74,492
9565,electronics-9565,electronics,349.40,48
9566,clothing-9566,clothing,444.77,449
9567,books-9567,books,324.65,149
9568,home-9568,home,77.38,188
9569,toys-9569,toys,80.42,485
9570,food-9570,food,43.98,259
9571,electronics-9571,electronics,414.71,292
9572,clothing-9572,clothing,145.54,32
9573,books-9573,books,411.68,33
9574,home-9574,home,371.36,457
9575,toys-9575,toys,497.63,85
9576,food-9576,food,271.58,211
9577,electronics-9577,electronics,357.89,145
9578,clothing-9578,clothing,173.21,279
9579,books-9579,books,333.79,339
9580,home-9580,home,90.94,59
9581,toys-9581,toys,298.42,13
9582,food-9582,food,265.40,32
9583,electronics-9583,electronics,91.22,109
9584,clothing-9584,clothing,411.41,450
9585,books-9585,books,203.44,381
9586,home-9586,home,366.88,431
9587,toys-9587,toys,45.63,109
9588,food-9588,food,145.03,248
9589,electronics-9589,electronics,394.80,307
9590,clothing-9590,clothing,118.18,209
9591,books-9591,books,329.70,20
9592,home-9592,home,452.51,467
9593,toys-9593,toys,33.95,34
9594,food-9594,food,187.38,184
9595,electronics-9595,electronics,260.76,345
9596,clothing-9596,clothing,164.51,1
9597,books-9597,books,20.47,408
9598,home-9598,home,245.36,360
9599,toys-9599,toys,435.42,10
9600,food-9600,food,35.78,17
9601,electronics-9601,electronics,409.64,187
9602,clothing-9602,clothing,226.03,465
9603,books-9603,books,353.73,69
9604,home-9604,home,69.22,14
9605,toys-9605,toys,287.92,52
9606,food-9606,food,352.80,107
9607,electronics-9607,electronics,313.10,224
9608,clothing-9608,clothing,81.07,267
9609,books-9609,books,5.06,494
9610,home-9610,home,80.32,498
9611,toys-9611,toys,391.28,38
9612,food-9612,food,281.92,322
9613,electronics-9613,electronics,307.55,52
9614,clothing-9614,clothing,302.01,119
9615,books-9615,books,310.03,231
9616,home-9616,home,247.37,229
9617,toys-9617,toys,454.47,386
9618,food-9618,food,281.40,196
9619,electronics-9619,electronics,390.49,265
9620,clothing-9620,clothing,191.62,98
9621,books-9621,books,41.71,201
9622,home-9622,home,199.66,128
9623,toys-9623,toys,461.43,340
9624,food-9624,food,13.51,242
9625,electronics-9625,electronics,319.39,382
9626,clothing-9626,clothing,431.44,173
9627,books-9627,books,304.89,369
9628,home-9628,home,103.86,291
9629,toys-9629,toys,169.05,7
9630,food-9630,food,74.58,229
9631,electronics-9631,electronics,191.62,313
9632,clothing-9632,clothing,269.71,111
9633,books-9633,books,231.07,170
9634,home-9634,home,59.27,197
9635,toys-9635,toys,128.77,23
9636,food-9636,food,297.70,187
9637,electronics-9637,electronics,339.45,132
9638,clothing-9638,clothing,424.45,222
9639,books-9639,books,261.43,270
9640,home-9640,home,16.88,201
9641,toys-9641,toys,169.07,496
9642,food-9642,food,491.40,440
9643,electronics-9643,electronics,422.39,284
9644,clothing-9644,clothing,5.46,485
9645,books-9645,books,117.17,242
9646,home-9646,home,449.26,73
9647,toys-9647,toys,233.60,302
9648,food-9648,food,411.38,38
9649,electronics-9649,electronics,495.93,271
9650,clothing-9650,clothing,484.15,246
9651,books-9651,books,160.90,143
9652,home-9652,home,239.48,193
9653,toys-9653,toys,34.40,452
9654,food-9654,food,389.97,83
9655,electronics-9655,electronics,378.59,71
9656,clothing-9656,clothing,60.52,290
9657,books-9657,books,151.71,396
9658,home-9658,home,192.37,414
9659,toys-9659,toys,77.15,275
9660,food-9660,food,451.41,87
9661,electronics-9661,electronics,368.04,186
9662,clothing-9662,clothing,418.61,478
9663,books-9663,books,273.99,0
9664,home-9664,home,383.29,349
9665,toys-9665,toys,116.22,347
9666,food-9666,food,20.08,319
9667,electronics-9667,electronics,340.06,308
9668,clothing-9668,clothing,191.12,227
9669,books-9669,books,134.46,131
9670,home-9670,home,492.46,77
9671,toys-9671,toys,310.72,420
9672,food-9672,food,445.45,414
9673,electronics-9673,electronics,396.04,105
9674,clothing-9674,clothing,112.84,226
9675,books-9675,books,122.60,31
9676,home-9676,home,177.64,379
9677,toys-9677,toys,179.62,248
9678,food-9678,food,106.97,388
9679,electronics-9679,electronics,175.62,62
9680,clothing-9680,clothing,462.31,210
9681,books-9681,books,460.72,153
9682,home-9682,home,343.50,87
9683,toys-9683,toys,292.24,296
9684,food-9684,food,412.75,270
9685,electronics-9685,electronics,73.88,169
9686,clothing-9686,clothing,188.57,381
9687,books-9687,books,371.60,51
9688,home-9688,home,7.74,84
9689,toys-9689,toys,457.10,159
9690,food-9690,food,47.55,446
9691,electronics-9691,electronics,329.06,125
9692,clothing-9692,clothing,355.03,56
9693,books-9693,books,437.50,356
9694,home-9694,home,286.22,397
9695,toys-9695,toys,467.07,389
9696,food-9696,food,59.64,11
9697,electronics-9697,electronics,321.95,45
9698,clothing-9698,clothing,9.96,344
9699,books-9699,books,66.80,81
9700,home-9700,home,325.01,177
9701,toys-9701,toys,190.47,417
9702,food-9702,food,245.26,329
9703,electronics-9703,electronics,351.44,26
9704,clothing-9704,clothing,108.61,97
9705,books-9705,books,64.87,136
9706,home-9706,home,82.63,339
9707,toys-9707,toys,200.64,451
9708,food-9708,food,76.34,94
9709,electronics-9709,electronics,241.98,194
9710,clothing-9710,clothing,89.91,477
9711,books-9711,books,281.67,156
9712,home-9712,home,194.09,339
9713,toys-9713,toys,497.53,174
9714,food-9714,food,241.42,251
9715,electronics-9715,electronics,414.98,7
9716,clothing-9716,clothing,103.73,307
9717,books-9717,books,187.98,44
9718,home-9718,home,115.45,245
9719,toys-9719,toys,188.72,382
9720,food-9720,food,187.68,420
9721,electronics-9721,electronics,412.63,446
9722,clothing-9722,clothing,392.58,279
9723,books-9723,books,141.26,180
9724,home-9724,home,332.27,431
9725,toys-9725,toys,112.36,498
9726,food-9726,food,203.70,164
9727,electronics-9727,electronics,179.30,197
9728,clothing-9728,clothing,329.24,141
9729,books-9729,books,166.77,153
9730,home-9730,home,298.69,372
9731,toys-9731,toys,326.92,243
9732,food-9732,food,397.23,157
9733,electronics-9733,electronics,431.09,63
9734,clothing-9734,clothing,411.50,170
9735,books-9735,books,85.18,342
9736,home-9736,home,83.00,34
9737,toys-9737,toys,107.53,316
9738,food-9738,food,495.75,151
9739,electronics-9739,electronics,420.76,248
9740,clothing-9740,clothing,345.41,3
9741,books-9741,books,371.87,138
9742,home-9742,home,44.94,326
9743,toys-9743,toys,371.08,312
9744,food-9744,food,223.58,431
9745,electronics-9745,electronics,217.06,473
9746,clothing-9746,clothing,238.06,139
9747,books-9747,books,167.52,189
9748,home-9748,home,172.01,164
9749,toys-9749,toys,394.79,210
9750,food-9750,food,211.57,374
9751,electronics-9751,electronics,498.03,297
9752,clothing-9752,clothing,431.66,370
9753,books-9753,books,472.09,110
9754,home-9754,home,79.55,67
9755,toys-9755,toys,377.31,132
9756,food-9756,food,185.70,316
9757,electronics-9757,electronics,107.70,482
9758,clothing-9758,clothing,223.44,360
9759,books-9759,books,210.49,324
9760,home-9760,home,444.78,8
9761,toys-9761,toys,336.84,482
9762,food-9762,food,218.29,457
9763,electronics-9763,electronics,456.01,380
9764,clothing-9764,clothing,493.13,108
9765,books-9765,books,188.90,151
9766,home-9766,home,113.70,333
9767,toys-9767,toys,394.95,265
9768,food-9768,food,36.40,74
9769,electronics-9769,electronics,19.10,454
9770,clothing-9770,clothing,174.36,306
9771,books-9771,books,246.95,72
9772,home-9772,home,164.82,448
9773,toys-9773,toys,40.15,261
9774,food-9774,food,83.32,218
9775,electronics-9775,electronics,121.57,183
9776,clothing-9776,clothing,482.38,414
9777,books-9777,books,98.88,35
9778,home-9778,home,162.57,153
9779,toys-9779,toys,484.01,164
9780,food-9780,food,444.98,44
9781,electronics-9781,electronics,109.56,326
9782,clothing-9782,clothing,24.31,45
9783,books-9783,books,27.34,285
9784,home-9784,home,432.39,432
9785,toys-9785,toys,392.62,430
9786,food-9786,food,10.41,236
9787,electronics-9787,electronics,393.39,448
9788,clothing-9788,clothing,406.42,144
9789,books-9789,books,295.34,381
9790,home-9790,home,86.77,285
9791,toys-9791,toys,148.12,73
9792,food-9792,food,86.53,361
9793,electronics-9793,electronics,476.37,108
9794,clothing-9794,clothing,109.92,95
9795,books-9795,books,327.28,388
9796,home-9796,home,213.18,205
9797,toys-9797,toys,203.42,103
9798,food-9798,food,257.00,0
9799,electronics-9799,electronics,51.56,439
9800,clothing-9800,clothing,21.35,177
9801,books-9801,books,493.49,117
9802,home-9802,home,122.75,344
9803,toys-9803,toys,444.14,320
9804,food-9804,food,270.18,487
9805,electronics-9805,electronics,338.97,146
9806,clothing-9806,clothing,251.36,110
9807,books-9807,books,215.42,341
9808,home-9808,home,477.38,176
9809,toys-9809,toys,175.00,178
9810,food-9810,food,24.45,440
9811,electronics-9811,electronics,251.79,402
9812,clothing-9812,clothing,212.30,289
9813,books-9813,books,395.08,452
9814,home-9814,home,271.22,310
9815,toys-9815,toys,47.25,436
9816,food-9816,food,285.01,400
9817,electronics-9817,electronics,25.05,160
9818,clothing-9818,clothing,146.96,434
9819,books-9819,books,51.19,89
9820,home-9820,home,141.35,219
9821,toys-9821,toys,139.77,222
9822,food-9822,food,178.72,44
9823,electronics-9823,electronics,7.39,356
9824,clothing-9824,clothing,224.14,415
9825,books-9825,books,458.86,286
9826,home-9826,home,186.85,175
9827,toys-9827,toys,169.59,121
9828,food-9828,food,206.73,458
9829,electronics-9829,electronics,35.79,212
9830,clothing-9830,clothing,213.56,465
9831,books-9831,books,485.38,436
9832,home-9832,home,305.88,412
9833,toys-9833,toys,177.81,111
9834,food-9834,food,34.52,205
9835,electronics-9835,electronics,499.66,488
9836,clothing-9836,clothing,329.26,188
9837,books-9837,books,165.47,224
9838,home-9838,home,346.94,174
9839,toys-9839,toys,155.67,112
9840,food-9840,food,372.81,435
9841,electronics-9841,electronics,92.62,410
9842,clothing-9842,clothing,422.85,73
9843,books-9843,books,371.66,6
9844,home-9844,home,123.68,147
9845,toys-9845,toys,147.12,230
9846,food-9846,food,192.72,266
9847,electronics-9847,electronics,484.03,171
9848,clothing-9848,clothing,354.06,471
9849,books-9849,books,199.97,182
9850,home-9850,home,292.89,290
9851,toys-9851,toys,348.86,168
9852,food-9852,food,491.20,269
9853,electronics-9853,electronics,393.89,323
9854,clothing-9854,clothing,232.54,426
9855,books-9855,books,417.88,377
9856,home-9856,home,24.90,417
9857,toys-9857,toys,203.05,102
9858,food-9858,food,222.32,74
9859,electronics-9859,electronics,125.85,347
9860,clothing-9860,clothing,201.58,51
9861,books-9861,books,233.55,341
9862,home-9862,home,378.67,66
9863,toys-9863,toys,478.33,62
9864,food-9864,food,396.36,98
9865,electronics-9865,electronics,233.74,91
9866,clothing-9866,clothing,90.23,416
9867,books-9867,books,366.79,162
9868,home-9868,home,360.92,42
9869,toys-9869,toys,95.22,343
9870,food-9870,food,160.51,404
9871,electronics-9871,electronics,420.61,473
9872,clothing-9872,clothing,135.02,90
9873,books-9873,books,343.92,167
9874,home-9874,home,347.03,214
9875,toys-9875,toys,269.55,118
9876,food-9876,food,138.39,397
9877,electronics-9877,electronics,63.21,166
9878,clothing-9878,clothing,490.37,284
9879,books-9879,books,259.53,331
9880,home-9880,home,308.08,347
9881,toys-9881,toys,334.04,475
9882,food-9882,food,313.28,286
9883,electronics-9883,electronics,417.81,278
9884,clothing-9884,clothing,367.22,323
9885,books-9885,books,167.65,416
9886,home-9886,home,299.61,155
9887,toys-9887,toys,127.56,244
9888,food-9888,food,334.55,240
9889,electronics-9889,electronics,97.10,156
9890,clothing-9890,clothing,436.05,421
9891,books-9891,books,254.51,445
9892,home-9892,home,172.44,403
9893,toys-9893,toys,288.95,456
9894,food-9894,food,346.51,240
9895,electronics-9895,electronics,471.55,443
9896,clothing-9896,clothing,72.97,391
9897,books-9897,books,27.59,344
9898,home-9898,home,187.66,460
9899,toys-9899,toys,414.94,322
9900,food-9900,food,302.93,437
9901,electronics-9901,electronics,235.36,332
9902,clothing-9902,clothing,480.64,170
9903,books-9903,books,126.14,427
9904,home-9904,home,181.26,283
9905,toys-9905,toys,79.51,83
9906,food-9906,food,52.69,21
9907,electronics-9907,electronics,98.36,310
9908,clothing-9908,clothing,13.03,57
9909,books-9909,books,53.81,57
9910,home-9910,home,186.80,417
9911,toys-9911,toys,19.50,325
9912,food-9912,food,85.51,29
9913,electronics-9913,electronics,222.03,273
9914,clothing-9914,clothing,17.16,204
9915,books-9915,books,370.43,3
9916,home-9916,home,238.68,183
9917,toys-9917,toys,479.87,465
9918,food-9918,food,387.24,379
9919,electronics-9919,electronics,447.94,79
9920,clothing-9920,clothing,462.88,269
9921,books-9921,books,186.49,23
9922,home-9922,home,364.36,21
9923,toys-9923,toys,474.98,360
9924,food-9924,food,283.43,226
9925,electronics-9925,electronics,184.22,136
9926,clothing-9926,clothing,431.31,261
9927,books-9927,books,5.40,209
9928,home-9928,home,190.57,314
9929,toys-9929,toys,264.01,132
9930,food-9930,food,142.55,415
9931,electronics-9931,electronics,275.99,28
9932,clothing-9932,clothing,469.93,91
9933,books-9933,books,52.62,249
9934,home-9934,home,483.57,473
9935,toys-9935,toys,69.22,62
9936,food-9936,food,77.53,62
9937,electronics-9937,electronics,204.45,97
9938,clothing-9938,clothing,496.92,394
9939,books-9939,books,110.18,299
9940,home-9940,home,241.16,345
9941,toys-9941,toys,430.22,441
9942,food-9942,food,485.99,305
9943,electronics-9943,electronics,304.57,154
9944,clothing-9944,clothing,348.61,466
9945,books-9945,books,93.22,281
9946,home-9946,home,191.95,478
9947,toys-9947,toys,75.23,253
9948,food-9948,food,395.12,291
9949,electronics-9949,electronics,56.17,224
9950,clothing-9950,clothing,471.18,49
9951,books-9951,books,393.20,406
9952,home-9952,home,400.34,437
9953,toys-9953,toys,304.70,273
9954,food-9954,food,240.96,147
9955,electronics-9955,electronics,96.99,456
9956,clothing-9956,clothing,472.16,5
9957,books-9957,books,268.88,65
9958,home-9958,home,452.88,376
9959,toys-9959,toys,264.49,133
9960,food-9960,food,443.59,38
9961,electronics-9961,electronics,238.49,216
9962,clothing-9962,clothing,297.29,283
9963,books-9963,books,31.60,414
9964,home-9964,home,111.52,113
9965,toys-9965,toys,165.54,380
9966,food-9966,food,200.96,77
9967,electronics-9967,electronics,423.85,433
9968,clothing-9968,clothing,50.66,82
9969,books-9969,books,10.73,242
9970,home-9970,home,18.56,52
9971,toys-9971,toys,118.39,314
9972,food-9972,food,185.23,83
9973,electronics-9973,electronics,425.19,257
9974,clothing-9974,clothing,19.07,416
9975,books-9975,books,293.83,223
9976,home-9976,home,52.87,417
9977,toys-9977,toys,274.10,278
9978,food-9978,food,100.05,67
9979,electronics-9979,electronics,336.16,57
9980,clothing-9980,clothing,311.74,56
9981,books-9981,books,414.03,277
9982,home-9982,home,480.37,379
9983,toys-9983,toys,225.57,158
9984,food-9984,food,220.04,32
9985,electronics-9985,electronics,26.29,487
9986,clothing-9986,clothing,171.09,345
9987,books-9987,books,309.96,162
9988,home-9988,home,374.71,475
9989,toys-9989,toys,170.26,296
9990,food-9990,food,289.08,496
9991,electronics-9991,electronics,499.39,278
9992,clothing-9992,clothing,419.75,399
9993,books-9993,books,401.90,461
9994,home-9994,home,379.48,37
9995,toys-9995,toys,36.76,204
9996,food-9996,food,20.04,62
9997,electronics-9997,electronics,485.69,79
9998,clothing-9998,clothing,377.66,227
9999,books-9999,books,429.41,250
10000,home-10000,home,131.41,339